forecast_date,split,lead_day,block,forecast_target_date,forecast_rainfall_mm,valid_pixel_count,source,product,statistic,init_time,member_count,mean_source,model_era
2026-09-13,live,1,Dhuri,2026-09-14,2.6617050170898438,4,ecmwf-open-data,ifs-hres,deterministic,00Z,-1,open-data-tp-differenced,open-data-rolling
2026-09-13,live,1,Lehra,2026-09-14,4.98199462890625,3,ecmwf-open-data,ifs-hres,deterministic,00Z,-1,open-data-tp-differenced,open-data-rolling
2026-09-13,live,1,Malerkotla,2026-09-14,1.8129348754882812,4,ecmwf-open-data,ifs-hres,deterministic,00Z,-1,open-data-tp-differenced,open-data-rolling
2026-09-13,live,1,Moonak,2026-09-14,4.8084259033203125,4,ecmwf-open-data,ifs-hres,deterministic,00Z,-1,open-data-tp-differenced,open-data-rolling
2026-09-13,live,1,Sangrur,2026-09-14,2.9296875,4,ecmwf-open-data,ifs-hres,deterministic,00Z,-1,open-data-tp-differenced,open-data-rolling
2026-09-13,live,1,Sunam,2026-09-14,2.89764404296875,5,ecmwf-open-data,ifs-hres,deterministic,00Z,-1,open-data-tp-differenced,open-data-rolling
2026-09-13,live,2,Dhuri,2026-09-15,1.5993118286132812,4,ecmwf-open-data,ifs-hres,deterministic,00Z,-1,open-data-tp-differenced,open-data-rolling
2026-09-13,live,2,Lehra,2026-09-15,1.9810994466145833,3,ecmwf-open-data,ifs-hres,deterministic,00Z,-1,open-data-tp-differenced,open-data-rolling
2026-09-13,live,2,Malerkotla,2026-09-15,2.7189254760742188,4,ecmwf-open-data,ifs-hres,deterministic,00Z,-1,open-data-tp-differenced,open-data-rolling
2026-09-13,live,2,Moonak,2026-09-15,1.678466796875,4,ecmwf-open-data,ifs-hres,deterministic,00Z,-1,open-data-tp-differenced,open-data-rolling
2026-09-13,live,2,Sangrur,2026-09-15,1.6193389892578125,4,ecmwf-open-data,ifs-hres,deterministic,00Z,-1,open-data-tp-differenced,open-data-rolling
2026-09-13,live,2,Sunam,2026-09-15,1.8280029296875,5,ecmwf-open-data,ifs-hres,deterministic,00Z,-1,open-data-tp-differenced,open-data-rolling
2026-09-13,live,3,Dhuri,2026-09-16,1.1234283447265625,4,ecmwf-open-data,ifs-hres,deterministic,00Z,-1,open-data-tp-differenced,open-data-rolling
2026-09-13,live,3,Lehra,2026-09-16,0.9333292643229166,3,ecmwf-open-data,ifs-hres,deterministic,00Z,-1,open-data-tp-differenced,open-data-rolling
2026-09-13,live,3,Malerkotla,2026-09-16,1.41143798828125,4,ecmwf-open-data,ifs-hres,deterministic,00Z,-1,open-data-tp-differenced,open-data-rolling
2026-09-13,live,3,Moonak,2026-09-16,0.946044921875,4,ecmwf-open-data,ifs-hres,deterministic,00Z,-1,open-data-tp-differenced,open-data-rolling
2026-09-13,live,3,Sangrur,2026-09-16,0.823974609375,4,ecmwf-open-data,ifs-hres,deterministic,00Z,-1,open-data-tp-differenced,open-data-rolling
2026-09-13,live,3,Sunam,2026-09-16,0.93536376953125,5,ecmwf-open-data,ifs-hres,deterministic,00Z,-1,open-data-tp-differenced,open-data-rolling
2026-09-13,live,4,Dhuri,2026-09-17,5.4645538330078125,4,ecmwf-open-data,ifs-hres,deterministic,00Z,-1,open-data-tp-differenced,open-data-rolling
2026-09-13,live,4,Lehra,2026-09-17,3.3289591471354165,3,ecmwf-open-data,ifs-hres,deterministic,00Z,-1,open-data-tp-differenced,open-data-rolling
2026-09-13,live,4,Malerkotla,2026-09-17,4.6234130859375,4,ecmwf-open-data,ifs-hres,deterministic,00Z,-1,open-data-tp-differenced,open-data-rolling
2026-09-13,live,4,Moonak,2026-09-17,3.4160614013671875,4,ecmwf-open-data,ifs-hres,deterministic,00Z,-1,open-data-tp-differenced,open-data-rolling
2026-09-13,live,4,Sangrur,2026-09-17,4.2438507080078125,4,ecmwf-open-data,ifs-hres,deterministic,00Z,-1,open-data-tp-differenced,open-data-rolling
2026-09-13,live,4,Sunam,2026-09-17,3.9581298828125,5,ecmwf-open-data,ifs-hres,deterministic,00Z,-1,open-data-tp-differenced,open-data-rolling
2026-09-13,live,5,Dhuri,2026-09-18,3.35693359375,4,ecmwf-open-data,ifs-hres,deterministic,00Z,-1,open-data-tp-differenced,open-data-rolling
2026-09-13,live,5,Lehra,2026-09-18,2.6906331380208335,3,ecmwf-open-data,ifs-hres,deterministic,00Z,-1,open-data-tp-differenced,open-data-rolling
2026-09-13,live,5,Malerkotla,2026-09-18,2.170562744140625,4,ecmwf-open-data,ifs-hres,deterministic,00Z,-1,open-data-tp-differenced,open-data-rolling
2026-09-13,live,5,Moonak,2026-09-18,2.605438232421875,4,ecmwf-open-data,ifs-hres,deterministic,00Z,-1,open-data-tp-differenced,open-data-rolling
2026-09-13,live,5,Sangrur,2026-09-18,3.139495849609375,4,ecmwf-open-data,ifs-hres,deterministic,00Z,-1,open-data-tp-differenced,open-data-rolling
2026-09-13,live,5,Sunam,2026-09-18,3.4820556640625,5,ecmwf-open-data,ifs-hres,deterministic,00Z,-1,open-data-tp-differenced,open-data-rolling
2026-09-13,live,6,Dhuri,2026-09-19,0.392913818359375,4,ecmwf-open-data,ifs-hres,deterministic,00Z,-1,open-data-tp-differenced,open-data-rolling
2026-09-13,live,6,Lehra,2026-09-19,0.08138020833333333,3,ecmwf-open-data,ifs-hres,deterministic,00Z,-1,open-data-tp-differenced,open-data-rolling
2026-09-13,live,6,Malerkotla,2026-09-19,0.072479248046875,4,ecmwf-open-data,ifs-hres,deterministic,00Z,-1,open-data-tp-differenced,open-data-rolling
2026-09-13,live,6,Moonak,2026-09-19,0.06103515625,4,ecmwf-open-data,ifs-hres,deterministic,00Z,-1,open-data-tp-differenced,open-data-rolling
2026-09-13,live,6,Sangrur,2026-09-19,0.431060791015625,4,ecmwf-open-data,ifs-hres,deterministic,00Z,-1,open-data-tp-differenced,open-data-rolling
2026-09-13,live,6,Sunam,2026-09-19,0.3753662109375,5,ecmwf-open-data,ifs-hres,deterministic,00Z,-1,open-data-tp-differenced,open-data-rolling
2026-09-13,live,7,Dhuri,2026-09-20,0.0,4,ecmwf-open-data,ifs-hres,deterministic,00Z,-1,open-data-tp-differenced,open-data-rolling
2026-09-13,live,7,Lehra,2026-09-20,0.0,3,ecmwf-open-data,ifs-hres,deterministic,00Z,-1,open-data-tp-differenced,open-data-rolling
2026-09-13,live,7,Malerkotla,2026-09-20,0.0,4,ecmwf-open-data,ifs-hres,deterministic,00Z,-1,open-data-tp-differenced,open-data-rolling
2026-09-13,live,7,Moonak,2026-09-20,0.0,4,ecmwf-open-data,ifs-hres,deterministic,00Z,-1,open-data-tp-differenced,open-data-rolling
2026-09-13,live,7,Sangrur,2026-09-20,0.0,4,ecmwf-open-data,ifs-hres,deterministic,00Z,-1,open-data-tp-differenced,open-data-rolling
2026-09-13,live,7,Sunam,2026-09-20,0.0,5,ecmwf-open-data,ifs-hres,deterministic,00Z,-1,open-data-tp-differenced,open-data-rolling
2026-09-14,live,1,Dhuri,2026-09-15,1.2664794921875,4,ecmwf-open-data,ifs-hres,deterministic,00Z,-1,open-data-tp-differenced,open-data-rolling
2026-09-14,live,1,Lehra,2026-09-15,1.65557861328125,3,ecmwf-open-data,ifs-hres,deterministic,00Z,-1,open-data-tp-differenced,open-data-rolling
2026-09-14,live,1,Malerkotla,2026-09-15,1.3332366943359375,4,ecmwf-open-data,ifs-hres,deterministic,00Z,-1,open-data-tp-differenced,open-data-rolling
2026-09-14,live,1,Moonak,2026-09-15,1.44195556640625,4,ecmwf-open-data,ifs-hres,deterministic,00Z,-1,open-data-tp-differenced,open-data-rolling
2026-09-14,live,1,Sangrur,2026-09-15,1.255035400390625,4,ecmwf-open-data,ifs-hres,deterministic,00Z,-1,open-data-tp-differenced,open-data-rolling
2026-09-14,live,1,Sunam,2026-09-15,1.2969970703125,5,ecmwf-open-data,ifs-hres,deterministic,00Z,-1,open-data-tp-differenced,open-data-rolling
2026-09-14,live,2,Dhuri,2026-09-16,0.5550384521484375,4,ecmwf-open-data,ifs-hres,deterministic,00Z,-1,open-data-tp-differenced,open-data-rolling
2026-09-14,live,2,Lehra,2026-09-16,0.6663004557291666,3,ecmwf-open-data,ifs-hres,deterministic,00Z,-1,open-data-tp-differenced,open-data-rolling
2026-09-14,live,2,Malerkotla,2026-09-16,0.4291534423828125,4,ecmwf-open-data,ifs-hres,deterministic,00Z,-1,open-data-tp-differenced,open-data-rolling
2026-09-14,live,2,Moonak,2026-09-16,0.60272216796875,4,ecmwf-open-data,ifs-hres,deterministic,00Z,-1,open-data-tp-differenced,open-data-rolling
2026-09-14,live,2,Sangrur,2026-09-16,0.5359649658203125,4,ecmwf-open-data,ifs-hres,deterministic,00Z,-1,open-data-tp-differenced,open-data-rolling
2026-09-14,live,2,Sunam,2026-09-16,0.62408447265625,5,ecmwf-open-data,ifs-hres,deterministic,00Z,-1,open-data-tp-differenced,open-data-rolling
2026-09-14,live,3,Dhuri,2026-09-17,0.6961822509765625,4,ecmwf-open-data,ifs-hres,deterministic,00Z,-1,open-data-tp-differenced,open-data-rolling
2026-09-14,live,3,Lehra,2026-09-17,0.70953369140625,3,ecmwf-open-data,ifs-hres,deterministic,00Z,-1,open-data-tp-differenced,open-data-rolling
2026-09-14,live,3,Malerkotla,2026-09-17,0.820159912109375,4,ecmwf-open-data,ifs-hres,deterministic,00Z,-1,open-data-tp-differenced,open-data-rolling
2026-09-14,live,3,Moonak,2026-09-17,0.6866455078125,4,ecmwf-open-data,ifs-hres,deterministic,00Z,-1,open-data-tp-differenced,open-data-rolling
2026-09-14,live,3,Sangrur,2026-09-17,0.7343292236328125,4,ecmwf-open-data,ifs-hres,deterministic,00Z,-1,open-data-tp-differenced,open-data-rolling
2026-09-14,live,3,Sunam,2026-09-17,0.67901611328125,5,ecmwf-open-data,ifs-hres,deterministic,00Z,-1,open-data-tp-differenced,open-data-rolling
2026-09-14,live,4,Dhuri,2026-09-18,0.820159912109375,4,ecmwf-open-data,ifs-hres,deterministic,00Z,-1,open-data-tp-differenced,open-data-rolling
2026-09-14,live,4,Lehra,2026-09-18,0.08138020833333333,3,ecmwf-open-data,ifs-hres,deterministic,00Z,-1,open-data-tp-differenced,open-data-rolling
2026-09-14,live,4,Malerkotla,2026-09-18,1.0528564453125,4,ecmwf-open-data,ifs-hres,deterministic,00Z,-1,open-data-tp-differenced,open-data-rolling
2026-09-14,live,4,Moonak,2026-09-18,0.091552734375,4,ecmwf-open-data,ifs-hres,deterministic,00Z,-1,open-data-tp-differenced,open-data-rolling
2026-09-14,live,4,Sangrur,2026-09-18,0.823974609375,4,ecmwf-open-data,ifs-hres,deterministic,00Z,-1,open-data-tp-differenced,open-data-rolling
2026-09-14,live,4,Sunam,2026-09-18,0.360107421875,5,ecmwf-open-data,ifs-hres,deterministic,00Z,-1,open-data-tp-differenced,open-data-rolling
2026-09-14,live,5,Dhuri,2026-09-19,0.0152587890625,4,ecmwf-open-data,ifs-hres,deterministic,00Z,-1,open-data-tp-differenced,open-data-rolling
2026-09-14,live,5,Lehra,2026-09-19,0.1068115234375,3,ecmwf-open-data,ifs-hres,deterministic,00Z,-1,open-data-tp-differenced,open-data-rolling
2026-09-14,live,5,Malerkotla,2026-09-19,0.06866455078125,4,ecmwf-open-data,ifs-hres,deterministic,00Z,-1,open-data-tp-differenced,open-data-rolling
2026-09-14,live,5,Moonak,2026-09-19,0.1220703125,4,ecmwf-open-data,ifs-hres,deterministic,00Z,-1,open-data-tp-differenced,open-data-rolling
2026-09-14,live,5,Sangrur,2026-09-19,0.030517578125,4,ecmwf-open-data,ifs-hres,deterministic,00Z,-1,open-data-tp-differenced,open-data-rolling
2026-09-14,live,5,Sunam,2026-09-19,0.030517578125,5,ecmwf-open-data,ifs-hres,deterministic,00Z,-1,open-data-tp-differenced,open-data-rolling
2026-09-14,live,6,Dhuri,2026-09-20,0.00762939453125,4,ecmwf-open-data,ifs-hres,deterministic,00Z,-1,open-data-tp-differenced,open-data-rolling
2026-09-14,live,6,Lehra,2026-09-20,0.005086263020833333,3,ecmwf-open-data,ifs-hres,deterministic,00Z,-1,open-data-tp-differenced,open-data-rolling
2026-09-14,live,6,Malerkotla,2026-09-20,0.019073486328125,4,ecmwf-open-data,ifs-hres,deterministic,00Z,-1,open-data-tp-differenced,open-data-rolling
2026-09-14,live,6,Moonak,2026-09-20,0.003814697265625,4,ecmwf-open-data,ifs-hres,deterministic,00Z,-1,open-data-tp-differenced,open-data-rolling
2026-09-14,live,6,Sangrur,2026-09-20,0.00762939453125,4,ecmwf-open-data,ifs-hres,deterministic,00Z,-1,open-data-tp-differenced,open-data-rolling
2026-09-14,live,6,Sunam,2026-09-20,0.0091552734375,5,ecmwf-open-data,ifs-hres,deterministic,00Z,-1,open-data-tp-differenced,open-data-rolling
2026-09-14,live,7,Dhuri,2026-09-21,0.0,4,ecmwf-open-data,ifs-hres,deterministic,00Z,-1,open-data-tp-differenced,open-data-rolling
2026-09-14,live,7,Lehra,2026-09-21,0.0,3,ecmwf-open-data,ifs-hres,deterministic,00Z,-1,open-data-tp-differenced,open-data-rolling
2026-09-14,live,7,Malerkotla,2026-09-21,0.0,4,ecmwf-open-data,ifs-hres,deterministic,00Z,-1,open-data-tp-differenced,open-data-rolling
2026-09-14,live,7,Moonak,2026-09-21,0.0,4,ecmwf-open-data,ifs-hres,deterministic,00Z,-1,open-data-tp-differenced,open-data-rolling
2026-09-14,live,7,Sangrur,2026-09-21,0.0,4,ecmwf-open-data,ifs-hres,deterministic,00Z,-1,open-data-tp-differenced,open-data-rolling
2026-09-14,live,7,Sunam,2026-09-21,0.0,5,ecmwf-open-data,ifs-hres,deterministic,00Z,-1,open-data-tp-differenced,open-data-rolling
