phase,active,jjas,offset,block,n,mean_anom_mm,median_anom_mm,mean_pct,ci_lo_mm,ci_hi_mm,frac_days_above_normal
1,False,0,3,Dhuri,96,1.071,-1.728,39.4,-0.42,2.562,0.344
1,False,0,3,Lehra,96,0.869,-1.189,14.57,-0.512,2.249,0.354
1,False,0,3,Malerkotla,96,1.361,-1.908,40.79,-0.33,3.052,0.333
1,False,0,3,Moonak,96,0.64,-1.205,9.12,-0.676,1.956,0.333
1,False,0,3,Sangrur,96,0.992,-1.269,26.56,-0.451,2.435,0.323
1,False,0,3,Sunam,96,0.864,-1.048,18.07,-0.531,2.26,0.375
1,False,0,10,Dhuri,96,0.336,-1.864,39.81,-1.336,2.009,0.302
1,False,0,10,Lehra,96,0.204,-1.55,50.34,-1.253,1.661,0.312
1,False,0,10,Malerkotla,96,0.252,-2.333,38.31,-1.556,2.059,0.302
1,False,0,10,Moonak,96,0.182,-1.478,58.5,-1.269,1.633,0.292
1,False,0,10,Sangrur,96,0.045,-1.877,24.68,-1.452,1.542,0.25
1,False,0,10,Sunam,96,0.067,-1.654,36.36,-1.378,1.513,0.302
1,False,0,17,Dhuri,96,-2.626,-2.68,-58.32,-3.494,-1.758,0.167
1,False,0,17,Lehra,96,-2.193,-2.535,-67.24,-2.916,-1.47,0.135
1,False,0,17,Malerkotla,96,-2.883,-2.841,-54.87,-3.91,-1.857,0.167
1,False,0,17,Moonak,96,-2.235,-2.262,-63.6,-2.92,-1.549,0.104
1,False,0,17,Sangrur,96,-2.622,-2.811,-60.43,-3.498,-1.746,0.167
1,False,0,17,Sunam,96,-2.419,-2.396,-65.09,-3.227,-1.611,0.146
1,False,0,24,Dhuri,96,-1.481,-1.894,-19.46,-2.836,-0.125,0.24
1,False,0,24,Lehra,96,-0.738,-1.085,-18.6,-2.076,0.599,0.25
1,False,0,24,Malerkotla,96,-1.776,-2.035,-24.77,-3.214,-0.337,0.219
1,False,0,24,Moonak,96,-0.814,-1.293,-22.06,-2.196,0.569,0.198
1,False,0,24,Sangrur,96,-1.568,-1.618,-17.45,-2.949,-0.188,0.229
1,False,0,24,Sunam,96,-1.146,-1.262,-19.04,-2.473,0.181,0.281
1,False,1,3,Dhuri,83,0.517,-3.106,13.0,-6.553,7.587,0.337
1,False,1,3,Lehra,83,3.509,-3.049,24.76,-3.816,10.835,0.458
1,False,1,3,Malerkotla,83,-0.787,-4.722,8.37,-7.85,6.276,0.337
1,False,1,3,Moonak,83,4.604,-2.407,29.29,-2.787,11.995,0.458
1,False,1,3,Sangrur,83,1.715,-4.127,17.15,-5.45,8.88,0.422
1,False,1,3,Sunam,83,2.717,-2.61,21.04,-4.432,9.866,0.434
1,False,1,10,Dhuri,83,0.643,-2.523,6.52,-5.388,6.675,0.373
1,False,1,10,Lehra,83,3.061,-3.584,10.91,-3.005,9.127,0.386
1,False,1,10,Malerkotla,83,0.388,-4.423,6.86,-5.478,6.253,0.41
1,False,1,10,Moonak,83,4.572,-1.818,13.18,-1.413,10.557,0.422
1,False,1,10,Sangrur,83,2.014,-4.22,9.21,-4.195,8.223,0.386
1,False,1,10,Sunam,83,2.5,-2.634,9.53,-3.46,8.46,0.373
1,False,1,17,Dhuri,83,1.421,-2.814,-4.27,-5.415,8.258,0.361
1,False,1,17,Lehra,83,2.025,-5.331,-4.13,-5.805,9.855,0.301
1,False,1,17,Malerkotla,83,2.298,-2.893,-1.6,-4.097,8.694,0.361
1,False,1,17,Moonak,83,1.925,-3.223,-6.33,-5.519,9.369,0.301
1,False,1,17,Sangrur,83,-0.159,-7.303,-7.72,-7.311,6.994,0.325
1,False,1,17,Sunam,83,1.329,-6.365,-4.72,-6.385,9.043,0.313
1,False,1,24,Dhuri,83,-3.803,-3.346,-17.35,-9.821,2.215,0.301
1,False,1,24,Lehra,83,-3.248,-2.796,-10.88,-8.471,1.976,0.337
1,False,1,24,Malerkotla,83,-2.687,-3.339,-16.85,-8.579,3.205,0.289
1,False,1,24,Moonak,83,-2.284,-1.618,-8.42,-8.297,3.729,0.337
1,False,1,24,Sangrur,83,-6.427,-3.167,-20.12,-12.085,-0.769,0.301
1,False,1,24,Sunam,83,-5.166,-4.4,-14.38,-10.352,0.02,0.313
1,True,0,3,Dhuri,182,1.107,-1.188,21.29,-0.175,2.39,0.258
1,True,0,3,Lehra,182,1.271,-1.219,31.67,-0.039,2.581,0.28
1,True,0,3,Malerkotla,182,1.342,-1.233,22.62,-0.118,2.802,0.258
1,True,0,3,Moonak,182,1.482,-1.175,37.99,0.167,2.797,0.308
1,True,0,3,Sangrur,182,1.378,-1.478,25.02,-0.033,2.789,0.291
1,True,0,3,Sunam,182,1.328,-1.287,28.31,-0.032,2.688,0.308
1,True,0,10,Dhuri,182,0.382,-2.032,-21.02,-1.301,2.064,0.214
1,True,0,10,Lehra,182,0.22,-1.758,-25.77,-1.161,1.601,0.154
1,True,0,10,Malerkotla,182,0.462,-2.035,-22.51,-1.482,2.406,0.192
1,True,0,10,Moonak,182,0.297,-1.792,-25.86,-1.3,1.894,0.148
1,True,0,10,Sangrur,182,0.59,-1.971,-18.55,-1.197,2.377,0.181
1,True,0,10,Sunam,182,0.509,-1.809,-20.17,-1.093,2.11,0.192
1,True,0,17,Dhuri,182,-1.099,-2.025,-26.69,-2.194,-0.005,0.269
1,True,0,17,Lehra,182,-0.958,-1.435,-25.06,-1.852,-0.063,0.236
1,True,0,17,Malerkotla,182,-1.169,-2.079,-26.31,-2.428,0.09,0.242
1,True,0,17,Moonak,182,-1.092,-1.333,-25.26,-1.911,-0.272,0.236
1,True,0,17,Sangrur,182,-1.032,-1.651,-27.37,-2.164,0.099,0.231
1,True,0,17,Sunam,182,-0.931,-1.415,-25.11,-1.925,0.062,0.242
1,True,0,24,Dhuri,182,-1.407,-1.834,-17.22,-2.402,-0.412,0.253
1,True,0,24,Lehra,182,-1.411,-0.916,-18.37,-2.421,-0.402,0.297
1,True,0,24,Malerkotla,182,-1.39,-2.087,-13.16,-2.515,-0.265,0.225
1,True,0,24,Moonak,182,-1.327,-0.99,-20.55,-2.336,-0.317,0.291
1,True,0,24,Sangrur,182,-1.597,-1.721,-15.68,-2.659,-0.535,0.264
1,True,0,24,Sunam,182,-1.526,-0.953,-16.75,-2.558,-0.494,0.286
1,True,1,3,Dhuri,141,-2.577,-5.933,3.88,-7.736,2.581,0.411
1,True,1,3,Lehra,141,-4.991,-8.965,-4.89,-9.773,-0.21,0.348
1,True,1,3,Malerkotla,141,-1.895,-7.608,4.28,-7.038,3.248,0.44
1,True,1,3,Moonak,141,-4.675,-11.643,-2.75,-9.306,-0.044,0.369
1,True,1,3,Sangrur,141,-3.77,-8.239,-1.39,-9.025,1.484,0.369
1,True,1,3,Sunam,141,-4.864,-9.8,-4.25,-9.836,0.108,0.362
1,True,1,10,Dhuri,141,3.866,-2.067,5.16,-2.617,10.35,0.404
1,True,1,10,Lehra,141,2.714,-6.326,2.82,-3.144,8.571,0.369
1,True,1,10,Malerkotla,141,1.866,-1.605,0.73,-3.465,7.198,0.454
1,True,1,10,Moonak,141,3.034,-5.339,5.43,-2.536,8.605,0.348
1,True,1,10,Sangrur,141,3.954,-3.183,4.68,-2.613,10.521,0.411
1,True,1,10,Sunam,141,3.717,-4.292,4.53,-2.584,10.019,0.362
1,True,1,17,Dhuri,141,7.424,-1.607,9.22,0.425,14.423,0.404
1,True,1,17,Lehra,141,2.827,-3.584,0.23,-2.504,8.158,0.383
1,True,1,17,Malerkotla,141,6.317,-1.505,7.79,0.09,12.545,0.383
1,True,1,17,Moonak,141,1.975,-2.246,0.07,-2.531,6.482,0.376
1,True,1,17,Sangrur,141,5.845,-1.722,7.23,-0.708,12.397,0.433
1,True,1,17,Sunam,141,3.983,-2.46,3.18,-1.952,9.919,0.404
1,True,1,24,Dhuri,141,4.185,-1.781,-1.16,-1.223,9.593,0.39
1,True,1,24,Lehra,141,1.962,-2.475,-3.87,-2.43,6.355,0.369
1,True,1,24,Malerkotla,141,3.522,-3.52,-2.99,-1.3,8.344,0.362
1,True,1,24,Moonak,141,0.337,-3.725,-9.15,-3.663,4.336,0.348
1,True,1,24,Sangrur,141,3.335,-4.127,-2.53,-2.042,8.713,0.369
1,True,1,24,Sunam,141,2.436,-3.846,-3.69,-2.413,7.284,0.383
2,False,0,3,Dhuri,96,2.262,-0.634,51.8,0.453,4.07,0.354
2,False,0,3,Lehra,96,1.197,-0.7,31.05,-0.264,2.657,0.281
2,False,0,3,Malerkotla,96,2.886,-0.612,55.72,0.796,4.977,0.365
2,False,0,3,Moonak,96,1.159,-0.922,31.24,-0.254,2.572,0.26
2,False,0,3,Sangrur,96,2.122,-0.774,48.95,0.453,3.792,0.323
2,False,0,3,Sunam,96,1.669,-0.703,39.72,0.119,3.219,0.323
2,False,0,10,Dhuri,96,-0.972,-1.773,-41.92,-1.698,-0.246,0.219
2,False,0,10,Lehra,96,-1.122,-1.632,-51.34,-1.681,-0.563,0.135
2,False,0,10,Malerkotla,96,-1.207,-2.087,-43.58,-2.056,-0.358,0.219
2,False,0,10,Moonak,96,-1.167,-1.542,-47.07,-1.705,-0.629,0.125
2,False,0,10,Sangrur,96,-1.157,-1.766,-45.13,-1.8,-0.514,0.198
2,False,0,10,Sunam,96,-1.304,-1.8,-53.14,-1.855,-0.752,0.167
2,False,0,17,Dhuri,96,-1.079,-1.493,-42.04,-2.025,-0.133,0.188
2,False,0,17,Lehra,96,-0.924,-1.344,-46.89,-1.698,-0.151,0.146
2,False,0,17,Malerkotla,96,-1.422,-1.854,-41.58,-2.498,-0.346,0.167
2,False,0,17,Moonak,96,-1.023,-1.323,-45.49,-1.785,-0.261,0.146
2,False,0,17,Sangrur,96,-1.18,-1.335,-48.78,-2.01,-0.351,0.188
2,False,0,17,Sunam,96,-1.02,-1.423,-50.41,-1.81,-0.229,0.146
2,False,0,24,Dhuri,96,3.409,-0.661,83.14,1.44,5.379,0.396
2,False,0,24,Lehra,96,3.228,-0.57,90.71,1.295,5.16,0.385
2,False,0,24,Malerkotla,96,3.896,-0.906,71.83,1.73,6.062,0.406
2,False,0,24,Moonak,96,2.933,-0.798,80.83,0.981,4.885,0.365
2,False,0,24,Sangrur,96,3.205,-0.745,79.37,1.158,5.252,0.417
2,False,0,24,Sunam,96,3.162,-0.586,83.81,1.199,5.126,0.427
2,False,1,3,Dhuri,97,0.903,-9.894,20.36,-5.314,7.12,0.351
2,False,1,3,Lehra,97,2.907,-6.998,24.84,-3.242,9.056,0.351
2,False,1,3,Malerkotla,97,0.86,-10.047,20.28,-5.421,7.14,0.309
2,False,1,3,Moonak,97,4.503,-6.914,37.78,-1.343,10.348,0.361
2,False,1,3,Sangrur,97,1.592,-9.82,21.37,-4.878,8.061,0.351
2,False,1,3,Sunam,97,2.677,-8.642,23.94,-3.526,8.88,0.361
2,False,1,10,Dhuri,97,-5.097,-9.894,-11.04,-9.195,-1.0,0.268
2,False,1,10,Lehra,97,-5.534,-12.061,-19.92,-9.473,-1.595,0.258
2,False,1,10,Malerkotla,97,-4.611,-9.96,-9.64,-8.78,-0.443,0.268
2,False,1,10,Moonak,97,-4.609,-9.406,-21.37,-8.404,-0.814,0.309
2,False,1,10,Sangrur,97,-5.621,-11.668,-13.35,-9.85,-1.392,0.299
2,False,1,10,Sunam,97,-5.565,-11.718,-17.53,-9.539,-1.59,0.268
2,False,1,17,Dhuri,97,-3.852,-10.491,-15.74,-8.912,1.209,0.258
2,False,1,17,Lehra,97,-0.996,-8.965,-10.92,-6.18,4.187,0.309
2,False,1,17,Malerkotla,97,-2.55,-9.378,-12.99,-7.632,2.532,0.278
2,False,1,17,Moonak,97,-0.25,-7.392,-9.55,-5.156,4.656,0.34
2,False,1,17,Sangrur,97,-3.578,-10.458,-16.37,-8.959,1.803,0.289
2,False,1,17,Sunam,97,-2.493,-10.141,-14.66,-7.694,2.707,0.289
2,False,1,24,Dhuri,97,-0.341,-3.134,-6.14,-5.779,5.097,0.361
2,False,1,24,Lehra,97,-2.18,-3.672,-6.95,-6.6,2.241,0.33
2,False,1,24,Malerkotla,97,1.22,-1.935,-4.71,-4.057,6.497,0.361
2,False,1,24,Moonak,97,-2.882,-4.321,-9.2,-7.266,1.502,0.34
2,False,1,24,Sangrur,97,-0.373,-3.364,-5.33,-6.381,5.636,0.32
2,False,1,24,Sunam,97,-1.796,-4.075,-7.55,-6.827,3.235,0.299
2,True,0,3,Dhuri,194,-0.969,-2.004,-25.28,-1.932,-0.005,0.165
2,True,0,3,Lehra,194,-0.484,-1.756,-13.21,-1.471,0.504,0.113
2,True,0,3,Malerkotla,194,-1.096,-2.042,-24.68,-2.191,-0.002,0.17
2,True,0,3,Moonak,194,-0.49,-1.774,-9.09,-1.499,0.519,0.144
2,True,0,3,Sangrur,194,-0.895,-1.989,-29.13,-1.882,0.091,0.134
2,True,0,3,Sunam,194,-0.709,-2.024,-21.65,-1.69,0.273,0.129
2,True,0,10,Dhuri,194,-1.57,-2.215,-44.03,-2.167,-0.973,0.211
2,True,0,10,Lehra,194,-1.504,-1.754,-52.22,-1.991,-1.016,0.201
2,True,0,10,Malerkotla,194,-1.715,-2.265,-42.74,-2.475,-0.956,0.211
2,True,0,10,Moonak,194,-1.81,-1.795,-56.54,-2.278,-1.342,0.165
2,True,0,10,Sangrur,194,-1.649,-2.067,-47.48,-2.232,-1.066,0.18
2,True,0,10,Sunam,194,-1.489,-1.821,-49.58,-2.025,-0.952,0.17
2,True,0,17,Dhuri,194,-0.712,-2.046,-13.76,-1.649,0.225,0.263
2,True,0,17,Lehra,194,-0.564,-0.79,-13.28,-1.382,0.255,0.304
2,True,0,17,Malerkotla,194,-0.725,-1.786,-13.55,-1.758,0.309,0.258
2,True,0,17,Moonak,194,-0.685,-1.211,-20.44,-1.469,0.1,0.273
2,True,0,17,Sangrur,194,-0.997,-1.26,-15.47,-1.872,-0.121,0.284
2,True,0,17,Sunam,194,-0.621,-0.728,-13.33,-1.458,0.216,0.278
2,True,0,24,Dhuri,194,-1.567,-1.894,10.3,-2.612,-0.522,0.284
2,True,0,24,Lehra,194,-1.538,-1.362,1.43,-2.458,-0.619,0.237
2,True,0,24,Malerkotla,194,-1.744,-2.024,2.3,-2.867,-0.621,0.268
2,True,0,24,Moonak,194,-1.602,-1.434,-16.27,-2.5,-0.705,0.222
2,True,0,24,Sangrur,194,-1.772,-1.834,-1.23,-2.838,-0.705,0.278
2,True,0,24,Sunam,194,-1.854,-1.639,-4.62,-2.811,-0.898,0.258
2,True,1,3,Dhuri,109,0.273,-7.635,-4.9,-6.637,7.183,0.367
2,True,1,3,Lehra,109,0.477,-7.012,-4.97,-5.888,6.842,0.385
2,True,1,3,Malerkotla,109,-1.533,-9.39,-9.11,-7.615,4.549,0.358
2,True,1,3,Moonak,109,-0.507,-5.816,-6.89,-6.004,4.991,0.422
2,True,1,3,Sangrur,109,-0.237,-8.214,-4.66,-7.204,6.729,0.404
2,True,1,3,Sunam,109,0.069,-7.282,-3.98,-6.674,6.812,0.367
2,True,1,10,Dhuri,109,0.351,-9.331,-6.04,-7.382,8.083,0.349
2,True,1,10,Lehra,109,-1.189,-8.262,-9.06,-7.573,5.195,0.303
2,True,1,10,Malerkotla,109,1.05,-9.39,-3.56,-6.287,8.386,0.339
2,True,1,10,Moonak,109,-1.047,-8.153,-6.61,-7.257,5.163,0.339
2,True,1,10,Sangrur,109,-0.868,-10.418,-6.55,-8.373,6.636,0.294
2,True,1,10,Sunam,109,-1.392,-9.564,-7.91,-8.203,5.42,0.349
2,True,1,17,Dhuri,109,6.376,-9.271,17.11,-1.456,14.208,0.394
2,True,1,17,Lehra,109,8.191,-8.093,21.65,0.659,15.723,0.394
2,True,1,17,Malerkotla,109,6.385,-8.163,18.37,-0.928,13.697,0.413
2,True,1,17,Moonak,109,9.289,-6.635,27.75,1.534,17.044,0.394
2,True,1,17,Sangrur,109,5.163,-12.346,13.95,-2.451,12.777,0.358
2,True,1,17,Sunam,109,5.998,-11.309,16.31,-1.439,13.435,0.385
2,True,1,24,Dhuri,109,18.851,2.888,39.8,9.613,28.089,0.532
2,True,1,24,Lehra,109,17.444,7.927,39.9,9.787,25.101,0.569
2,True,1,24,Malerkotla,109,16.341,2.811,34.76,8.39,24.292,0.56
2,True,1,24,Moonak,109,14.906,4.87,37.48,8.292,21.52,0.55
2,True,1,24,Sangrur,109,17.561,3.004,37.85,8.732,26.391,0.532
2,True,1,24,Sunam,109,17.569,6.465,40.0,9.371,25.768,0.56
3,False,0,3,Dhuri,117,-0.826,-1.725,-19.57,-1.581,-0.071,0.282
3,False,0,3,Lehra,117,-0.979,-0.922,-33.37,-1.505,-0.453,0.256
3,False,0,3,Malerkotla,117,-1.008,-2.06,-19.48,-1.854,-0.162,0.291
3,False,0,3,Moonak,117,-1.137,-1.508,-38.75,-1.699,-0.575,0.188
3,False,0,3,Sangrur,117,-0.787,-1.828,-21.67,-1.587,0.012,0.265
3,False,0,3,Sunam,117,-0.874,-1.182,-27.87,-1.508,-0.241,0.205
3,False,0,10,Dhuri,117,-1.115,-2.029,-41.67,-1.923,-0.307,0.197
3,False,0,10,Lehra,117,-1.018,-1.536,-43.6,-1.733,-0.304,0.188
3,False,0,10,Malerkotla,117,-1.347,-2.246,-41.77,-2.207,-0.487,0.188
3,False,0,10,Moonak,117,-0.911,-1.532,-38.7,-1.64,-0.182,0.205
3,False,0,10,Sangrur,117,-1.23,-1.834,-43.11,-2.008,-0.452,0.214
3,False,0,10,Sunam,117,-1.054,-1.552,-42.96,-1.761,-0.348,0.205
3,False,0,17,Dhuri,117,1.655,-1.076,49.94,0.058,3.253,0.299
3,False,0,17,Lehra,117,1.417,-0.833,49.43,-0.074,2.908,0.299
3,False,0,17,Malerkotla,117,1.623,-1.391,39.68,-0.142,3.388,0.299
3,False,0,17,Moonak,117,1.147,-1.005,31.64,-0.323,2.618,0.248
3,False,0,17,Sangrur,117,1.667,-1.135,34.04,-0.005,3.339,0.316
3,False,0,17,Sunam,117,1.426,-1.022,39.15,-0.109,2.962,0.316
3,False,0,24,Dhuri,117,-0.254,-2.016,3.21,-1.616,1.109,0.248
3,False,0,24,Lehra,117,0.144,-1.362,19.99,-1.119,1.408,0.239
3,False,0,24,Malerkotla,117,-0.039,-2.027,4.03,-1.56,1.483,0.282
3,False,0,24,Moonak,117,0.169,-1.532,23.67,-1.138,1.477,0.282
3,False,0,24,Sangrur,117,-0.307,-1.744,5.11,-1.618,1.004,0.197
3,False,0,24,Sunam,117,-0.029,-1.53,13.52,-1.321,1.263,0.239
3,False,1,3,Dhuri,72,21.724,-1.537,60.85,8.865,34.582,0.458
3,False,1,3,Lehra,72,21.926,-4.503,61.55,10.242,33.611,0.472
3,False,1,3,Malerkotla,72,19.921,-0.142,59.13,8.274,31.568,0.5
3,False,1,3,Moonak,72,19.728,-1.668,61.27,8.922,30.534,0.472
3,False,1,3,Sangrur,72,22.524,-1.516,64.93,9.905,35.143,0.472
3,False,1,3,Sunam,72,21.13,-2.595,62.69,9.369,32.891,0.472
3,False,1,10,Dhuri,72,7.751,-6.588,11.84,-1.775,17.277,0.375
3,False,1,10,Lehra,72,9.563,-7.259,13.26,-0.285,19.412,0.375
3,False,1,10,Malerkotla,72,7.757,-6.643,11.46,-1.22,16.733,0.389
3,False,1,10,Moonak,72,9.569,-6.389,14.15,0.25,18.888,0.319
3,False,1,10,Sangrur,72,6.856,-6.772,9.89,-1.962,15.675,0.375
3,False,1,10,Sunam,72,8.03,-7.528,12.32,-1.44,17.499,0.375
3,False,1,17,Dhuri,72,-1.652,-5.683,-9.79,-8.118,4.814,0.333
3,False,1,17,Lehra,72,1.65,-4.229,3.55,-5.553,8.853,0.347
3,False,1,17,Malerkotla,72,-2.669,-6.77,-17.64,-8.555,3.217,0.306
3,False,1,17,Moonak,72,2.09,-3.529,2.25,-4.791,8.97,0.347
3,False,1,17,Sangrur,72,-0.644,-5.684,-9.62,-7.588,6.3,0.333
3,False,1,17,Sunam,72,0.713,-4.065,-3.09,-6.361,7.787,0.333
3,False,1,24,Dhuri,72,-4.91,-1.928,-37.11,-9.507,-0.313,0.167
3,False,1,24,Lehra,72,-5.175,-2.803,-31.46,-8.95,-1.399,0.181
3,False,1,24,Malerkotla,72,-4.597,-1.593,-36.87,-9.088,-0.106,0.208
3,False,1,24,Moonak,72,-5.035,-2.464,-34.02,-8.636,-1.434,0.167
3,False,1,24,Sangrur,72,-3.827,-1.98,-31.76,-9.05,1.397,0.181
3,False,1,24,Sunam,72,-4.273,-2.402,-31.47,-8.652,0.106,0.181
3,True,0,3,Dhuri,196,-1.985,-2.401,-59.08,-2.551,-1.418,0.158
3,True,0,3,Lehra,196,-1.601,-1.75,-58.33,-2.147,-1.055,0.158
3,True,0,3,Malerkotla,196,-2.292,-2.59,-58.67,-2.949,-1.634,0.143
3,True,0,3,Moonak,196,-1.95,-1.766,-64.72,-2.437,-1.464,0.107
3,True,0,3,Sangrur,196,-1.995,-2.326,-59.95,-2.588,-1.401,0.133
3,True,0,3,Sunam,196,-1.706,-1.929,-59.15,-2.278,-1.134,0.133
3,True,0,10,Dhuri,196,-1.07,-2.357,-41.69,-1.745,-0.394,0.173
3,True,0,10,Lehra,196,-1.009,-1.615,-45.55,-1.593,-0.425,0.214
3,True,0,10,Malerkotla,196,-1.353,-2.698,-41.94,-2.091,-0.614,0.173
3,True,0,10,Moonak,196,-1.116,-1.591,-48.26,-1.682,-0.549,0.189
3,True,0,10,Sangrur,196,-1.249,-2.406,-43.29,-1.9,-0.599,0.168
3,True,0,10,Sunam,196,-1.014,-1.904,-44.67,-1.627,-0.401,0.199
3,True,0,17,Dhuri,196,-0.077,-1.982,-6.9,-0.986,0.832,0.27
3,True,0,17,Lehra,196,0.216,-1.386,-6.88,-0.668,1.101,0.276
3,True,0,17,Malerkotla,196,-0.334,-2.047,-11.79,-1.308,0.639,0.276
3,True,0,17,Moonak,196,0.094,-1.468,-16.26,-0.78,0.969,0.27
3,True,0,17,Sangrur,196,0.102,-1.895,-4.28,-0.849,1.054,0.27
3,True,0,17,Sunam,196,0.11,-1.704,-8.8,-0.799,1.019,0.27
3,True,0,24,Dhuri,196,0.019,-2.01,-18.96,-1.269,1.308,0.255
3,True,0,24,Lehra,196,0.275,-1.717,-23.02,-1.221,1.771,0.224
3,True,0,24,Malerkotla,196,-0.18,-1.972,-20.29,-1.467,1.107,0.27
3,True,0,24,Moonak,196,0.339,-1.733,-29.6,-1.234,1.912,0.199
3,True,0,24,Sangrur,196,0.179,-1.762,-25.5,-1.33,1.688,0.27
3,True,0,24,Sunam,196,0.194,-1.646,-26.74,-1.324,1.712,0.23
3,True,1,3,Dhuri,62,1.365,-7.281,-8.02,-6.844,9.574,0.306
3,True,1,3,Lehra,62,2.652,-7.913,-5.57,-5.243,10.547,0.226
3,True,1,3,Malerkotla,62,0.95,-8.9,-10.68,-5.688,7.588,0.339
3,True,1,3,Moonak,62,3.753,-6.863,-3.95,-4.46,11.965,0.242
3,True,1,3,Sangrur,62,1.394,-7.312,-5.44,-6.878,9.666,0.306
3,True,1,3,Sunam,62,2.414,-7.983,-2.52,-5.547,10.374,0.323
3,True,1,10,Dhuri,62,0.721,-10.601,-2.27,-6.726,8.169,0.339
3,True,1,10,Lehra,62,3.443,-6.989,5.62,-3.784,10.67,0.419
3,True,1,10,Malerkotla,62,4.559,-8.348,8.23,-3.8,12.918,0.371
3,True,1,10,Moonak,62,4.329,-6.513,10.01,-3.174,11.832,0.387
3,True,1,10,Sangrur,62,-0.266,-11.732,-4.49,-7.272,6.739,0.371
3,True,1,10,Sunam,62,0.462,-10.309,-2.58,-6.297,7.22,0.371
3,True,1,17,Dhuri,62,-1.963,-3.102,-12.61,-8.023,4.097,0.371
3,True,1,17,Lehra,62,2.779,-2.457,-2.44,-3.957,9.514,0.452
3,True,1,17,Malerkotla,62,-1.509,-2.899,-11.02,-7.2,4.182,0.419
3,True,1,17,Moonak,62,4.288,-3.334,3.66,-2.873,11.449,0.452
3,True,1,17,Sangrur,62,-0.923,-4.348,-8.84,-6.972,5.127,0.403
3,True,1,17,Sunam,62,0.683,-3.594,-5.69,-5.583,6.948,0.435
3,True,1,24,Dhuri,62,-2.057,-7.037,-11.9,-8.877,4.762,0.339
3,True,1,24,Lehra,62,-2.529,-8.219,-13.7,-8.875,3.817,0.323
3,True,1,24,Malerkotla,62,-2.421,-5.109,-14.21,-8.872,4.03,0.371
3,True,1,24,Moonak,62,-1.07,-7.472,-10.63,-7.839,5.699,0.323
3,True,1,24,Sangrur,62,-2.026,-8.948,-11.92,-8.918,4.866,0.339
3,True,1,24,Sunam,62,-2.325,-7.852,-13.33,-8.8,4.15,0.323
4,False,0,3,Dhuri,107,-1.198,-2.304,-37.75,-2.123,-0.273,0.196
4,False,0,3,Lehra,107,-1.475,-1.775,-51.6,-2.111,-0.84,0.178
4,False,0,3,Malerkotla,107,-1.438,-2.7,-35.89,-2.531,-0.344,0.187
4,False,0,3,Moonak,107,-1.263,-1.834,-44.91,-2.039,-0.487,0.234
4,False,0,3,Sangrur,107,-1.13,-2.115,-38.75,-2.155,-0.104,0.178
4,False,0,3,Sunam,107,-1.232,-1.984,-43.64,-2.064,-0.4,0.187
4,False,0,10,Dhuri,107,0.619,-0.912,19.29,-0.844,2.082,0.364
4,False,0,10,Lehra,107,0.608,-0.789,12.45,-0.634,1.85,0.346
4,False,0,10,Malerkotla,107,0.248,-1.325,11.87,-1.259,1.754,0.271
4,False,0,10,Moonak,107,0.303,-1.185,1.99,-0.876,1.482,0.346
4,False,0,10,Sangrur,107,0.685,-0.994,26.38,-0.787,2.156,0.364
4,False,0,10,Sunam,107,0.807,-0.823,23.71,-0.525,2.139,0.346
4,False,0,17,Dhuri,107,0.24,-1.609,18.85,-1.189,1.67,0.299
4,False,0,17,Lehra,107,-0.361,-1.75,-5.45,-1.616,0.893,0.243
4,False,0,17,Malerkotla,107,0.312,-1.82,16.56,-1.303,1.928,0.318
4,False,0,17,Moonak,107,-0.734,-1.752,-16.39,-1.95,0.481,0.234
4,False,0,17,Sangrur,107,-0.089,-1.971,8.51,-1.541,1.364,0.308
4,False,0,17,Sunam,107,-0.207,-1.809,0.97,-1.555,1.141,0.28
4,False,0,24,Dhuri,107,-1.008,-2.789,0.25,-2.796,0.781,0.234
4,False,0,24,Lehra,107,-0.561,-2.364,5.39,-2.25,1.127,0.206
4,False,0,24,Malerkotla,107,-1.27,-2.886,-2.95,-3.17,0.629,0.271
4,False,0,24,Moonak,107,-0.78,-2.841,1.72,-2.452,0.892,0.196
4,False,0,24,Sangrur,107,-0.821,-2.665,2.32,-2.617,0.976,0.224
4,False,0,24,Sunam,107,-0.57,-2.371,6.94,-2.333,1.193,0.224
4,False,1,3,Dhuri,73,-5.871,-14.421,-13.7,-12.655,0.912,0.329
4,False,1,3,Lehra,73,-5.479,-16.328,-14.36,-11.977,1.019,0.301
4,False,1,3,Malerkotla,73,-4.5,-9.629,-11.24,-11.262,2.262,0.356
4,False,1,3,Moonak,73,-4.338,-12.664,-14.0,-10.392,1.716,0.274
4,False,1,3,Sangrur,73,-4.426,-15.508,-9.79,-12.032,3.179,0.301
4,False,1,3,Sunam,73,-5.198,-15.327,-11.9,-12.034,1.639,0.288
4,False,1,10,Dhuri,73,0.793,-8.716,2.23,-7.498,9.085,0.342
4,False,1,10,Lehra,73,-0.499,-6.396,-0.27,-7.432,6.435,0.397
4,False,1,10,Malerkotla,73,1.699,-9.91,3.3,-6.895,10.293,0.356
4,False,1,10,Moonak,73,-1.739,-6.618,-3.86,-7.865,4.387,0.384
4,False,1,10,Sangrur,73,-0.556,-9.324,-2.25,-8.057,6.945,0.342
4,False,1,10,Sunam,73,-0.029,-8.135,0.55,-7.239,7.182,0.37
4,False,1,17,Dhuri,73,8.41,-1.676,10.87,-0.409,17.229,0.397
4,False,1,17,Lehra,73,3.687,-3.75,3.94,-4.135,11.509,0.37
4,False,1,17,Malerkotla,73,7.707,-1.396,7.14,-1.029,16.443,0.411
4,False,1,17,Moonak,73,3.066,-3.69,-1.46,-4.474,10.606,0.342
4,False,1,17,Sangrur,73,8.309,-1.883,6.89,-0.264,16.881,0.411
4,False,1,17,Sunam,73,6.957,-2.978,6.53,-1.264,15.178,0.384
4,False,1,24,Dhuri,73,1.27,-1.498,8.28,-5.285,7.826,0.411
4,False,1,24,Lehra,73,4.436,-0.595,27.26,-3.967,12.838,0.425
4,False,1,24,Malerkotla,73,1.768,-0.401,12.15,-4.682,8.218,0.425
4,False,1,24,Moonak,73,3.982,-1.726,29.33,-3.775,11.739,0.384
4,False,1,24,Sangrur,73,5.038,-1.481,28.53,-3.191,13.266,0.411
4,False,1,24,Sunam,73,4.7,-0.398,30.69,-3.377,12.778,0.466
4,True,0,3,Dhuri,186,-0.658,-2.302,-25.21,-1.487,0.172,0.194
4,True,0,3,Lehra,186,-0.932,-1.93,-36.03,-1.654,-0.211,0.167
4,True,0,3,Malerkotla,186,-0.763,-2.585,-23.57,-1.73,0.203,0.199
4,True,0,3,Moonak,186,-1.09,-1.855,-38.64,-1.811,-0.368,0.161
4,True,0,3,Sangrur,186,-0.781,-2.53,-27.34,-1.65,0.088,0.194
4,True,0,3,Sunam,186,-0.826,-2.063,-33.3,-1.622,-0.03,0.172
4,True,0,10,Dhuri,186,-0.758,-2.494,-29.4,-1.715,0.199,0.145
4,True,0,10,Lehra,186,-0.647,-1.735,-32.61,-1.526,0.232,0.161
4,True,0,10,Malerkotla,186,-1.158,-2.705,-29.74,-2.153,-0.163,0.156
4,True,0,10,Moonak,186,-0.903,-1.968,-39.95,-1.741,-0.065,0.14
4,True,0,10,Sangrur,186,-0.552,-2.244,-23.94,-1.511,0.407,0.167
4,True,0,10,Sunam,186,-0.603,-1.965,-28.05,-1.485,0.279,0.151
4,True,0,17,Dhuri,186,-1.373,-1.991,-16.63,-2.058,-0.687,0.231
4,True,0,17,Lehra,186,-0.917,-2.03,-1.37,-1.687,-0.146,0.226
4,True,0,17,Malerkotla,186,-1.519,-1.991,-20.66,-2.282,-0.757,0.269
4,True,0,17,Moonak,186,-0.541,-1.906,6.32,-1.465,0.384,0.242
4,True,0,17,Sangrur,186,-1.409,-1.975,-19.73,-2.127,-0.691,0.237
4,True,0,17,Sunam,186,-1.214,-1.833,-9.82,-1.936,-0.492,0.242
4,True,0,24,Dhuri,186,0.633,-1.217,4.26,-0.973,2.238,0.312
4,True,0,24,Lehra,186,1.09,-0.993,23.61,-0.402,2.583,0.36
4,True,0,24,Malerkotla,186,0.542,-1.49,9.88,-1.094,2.178,0.306
4,True,0,24,Moonak,186,1.427,-1.042,33.44,-0.021,2.876,0.398
4,True,0,24,Sangrur,186,0.81,-1.437,8.2,-0.748,2.368,0.333
4,True,0,24,Sunam,186,0.923,-1.087,14.23,-0.598,2.444,0.355
4,True,1,3,Dhuri,76,11.623,0.758,21.99,3.622,19.625,0.526
4,True,1,3,Lehra,76,6.712,-0.74,13.42,0.925,12.499,0.5
4,True,1,3,Malerkotla,76,15.019,1.447,31.49,6.384,23.655,0.526
4,True,1,3,Moonak,76,6.421,-4.729,10.13,0.615,12.228,0.461
4,True,1,3,Sangrur,76,11.124,1.344,20.32,3.692,18.556,0.513
4,True,1,3,Sunam,76,8.761,-0.175,15.82,2.187,15.335,0.487
4,True,1,10,Dhuri,76,-9.427,-18.029,-36.73,-14.797,-4.057,0.171
4,True,1,10,Lehra,76,-9.029,-16.778,-34.54,-13.881,-4.177,0.211
4,True,1,10,Malerkotla,76,-9.196,-18.233,-36.98,-14.653,-3.74,0.197
4,True,1,10,Moonak,76,-8.0,-16.823,-33.8,-12.874,-3.125,0.211
4,True,1,10,Sangrur,76,-9.501,-18.531,-37.25,-14.892,-4.109,0.197
4,True,1,10,Sunam,76,-9.425,-16.517,-37.63,-14.484,-4.366,0.197
4,True,1,17,Dhuri,76,-1.865,-8.24,-12.48,-7.403,3.673,0.289
4,True,1,17,Lehra,76,-3.174,-8.289,-9.4,-7.661,1.313,0.355
4,True,1,17,Malerkotla,76,-3.727,-9.18,-18.88,-8.893,1.44,0.276
4,True,1,17,Moonak,76,-3.606,-7.419,-12.75,-7.94,0.729,0.368
4,True,1,17,Sangrur,76,-1.085,-8.543,-10.72,-6.748,4.578,0.303
4,True,1,17,Sunam,76,-1.546,-8.119,-9.06,-6.654,3.563,0.303
4,True,1,24,Dhuri,76,-4.984,-3.243,-15.49,-9.513,-0.454,0.276
4,True,1,24,Lehra,76,-4.608,-3.205,-14.63,-9.432,0.217,0.276
4,True,1,24,Malerkotla,76,-4.401,-3.383,-14.29,-9.037,0.234,0.276
4,True,1,24,Moonak,76,-3.923,-3.162,-12.35,-8.823,0.976,0.289
4,True,1,24,Sangrur,76,-4.764,-3.371,-12.46,-9.84,0.313,0.276
4,True,1,24,Sunam,76,-4.782,-3.56,-15.32,-9.718,0.154,0.263
5,False,0,3,Dhuri,120,0.239,-0.815,13.82,-0.702,1.18,0.292
5,False,0,3,Lehra,120,-0.167,-0.717,6.4,-0.871,0.536,0.275
5,False,0,3,Malerkotla,120,0.217,-1.306,14.7,-0.889,1.324,0.275
5,False,0,3,Moonak,120,-0.262,-1.129,7.37,-1.019,0.495,0.233
5,False,0,3,Sangrur,120,0.095,-0.99,15.07,-0.792,0.983,0.275
5,False,0,3,Sunam,120,0.006,-0.743,11.09,-0.786,0.797,0.258
5,False,0,10,Dhuri,120,0.331,-0.836,25.1,-0.681,1.343,0.292
5,False,0,10,Lehra,120,0.114,-1.216,9.86,-0.657,0.885,0.25
5,False,0,10,Malerkotla,120,0.281,-1.357,12.4,-0.908,1.47,0.292
5,False,0,10,Moonak,120,-0.009,-1.295,4.46,-0.788,0.769,0.275
5,False,0,10,Sangrur,120,0.221,-1.132,15.49,-0.737,1.179,0.308
5,False,0,10,Sunam,120,0.182,-1.164,9.78,-0.668,1.031,0.267
5,False,0,17,Dhuri,120,1.65,-1.534,27.15,-0.001,3.301,0.258
5,False,0,17,Lehra,120,1.291,-1.145,23.75,-0.115,2.696,0.275
5,False,0,17,Malerkotla,120,1.827,-1.86,29.04,-0.032,3.687,0.258
5,False,0,17,Moonak,120,1.551,-1.155,27.06,0.071,3.03,0.317
5,False,0,17,Sangrur,120,1.963,-1.272,31.89,0.197,3.73,0.283
5,False,0,17,Sunam,120,1.764,-1.099,30.11,0.179,3.349,0.325
5,False,0,24,Dhuri,120,2.532,-1.962,10.22,-0.135,5.198,0.258
5,False,0,24,Lehra,120,1.511,-1.601,-4.6,-0.563,3.584,0.208
5,False,0,24,Malerkotla,120,2.819,-2.007,10.18,-0.136,5.774,0.258
5,False,0,24,Moonak,120,2.3,-1.544,10.38,-0.146,4.747,0.233
5,False,0,24,Sangrur,120,2.821,-1.957,12.05,-0.028,5.67,0.233
5,False,0,24,Sunam,120,2.219,-1.747,6.34,-0.218,4.656,0.217
5,False,1,3,Dhuri,61,-3.336,-9.258,-15.39,-9.859,3.188,0.311
5,False,1,3,Lehra,61,-4.499,-8.215,-20.65,-10.674,1.676,0.295
5,False,1,3,Malerkotla,61,-3.006,-10.098,-14.93,-9.335,3.324,0.344
5,False,1,3,Moonak,61,-4.574,-7.493,-24.0,-10.311,1.163,0.279
5,False,1,3,Sangrur,61,-2.633,-9.317,-13.57,-9.686,4.42,0.279
5,False,1,3,Sunam,61,-3.635,-8.207,-17.21,-10.156,2.887,0.311
5,False,1,10,Dhuri,61,8.868,-2.176,22.09,0.62,17.117,0.377
5,False,1,10,Lehra,61,3.336,-1.956,17.29,-2.689,9.36,0.393
5,False,1,10,Malerkotla,61,9.942,-1.581,21.2,1.28,18.605,0.41
5,False,1,10,Moonak,61,3.072,-1.759,15.65,-2.736,8.881,0.393
5,False,1,10,Sangrur,61,9.378,-1.82,21.76,1.374,17.382,0.41
5,False,1,10,Sunam,61,7.041,-2.162,20.92,-0.073,14.155,0.361
5,False,1,17,Dhuri,61,2.988,-1.575,13.09,-2.752,8.729,0.361
5,False,1,17,Lehra,61,0.982,-1.464,16.27,-4.21,6.174,0.295
5,False,1,17,Malerkotla,61,1.95,-1.388,10.92,-3.761,7.661,0.361
5,False,1,17,Moonak,61,-0.222,-1.778,12.67,-4.914,4.47,0.246
5,False,1,17,Sangrur,61,3.726,-1.628,18.34,-1.939,9.39,0.361
5,False,1,17,Sunam,61,2.893,-1.276,19.29,-2.454,8.24,0.328
5,False,1,24,Dhuri,61,1.209,-1.401,6.92,-4.355,6.773,0.377
5,False,1,24,Lehra,61,4.494,-1.644,23.86,-2.895,11.883,0.393
5,False,1,24,Malerkotla,61,1.012,-1.318,8.19,-4.648,6.671,0.361
5,False,1,24,Moonak,61,5.403,-1.53,32.4,-2.541,13.346,0.393
5,False,1,24,Sangrur,61,3.97,-1.545,22.94,-2.794,10.733,0.459
5,False,1,24,Sunam,61,3.756,-1.496,21.72,-3.074,10.586,0.443
5,True,0,3,Dhuri,185,0.45,-1.688,10.76,-0.648,1.549,0.243
5,True,0,3,Lehra,185,0.251,-1.54,18.92,-0.702,1.205,0.222
5,True,0,3,Malerkotla,185,0.247,-1.527,3.3,-0.905,1.398,0.259
5,True,0,3,Moonak,185,0.24,-1.461,8.64,-0.726,1.206,0.222
5,True,0,3,Sangrur,185,0.522,-1.55,12.42,-0.59,1.635,0.254
5,True,0,3,Sunam,185,0.349,-1.399,17.38,-0.642,1.339,0.227
5,True,0,10,Dhuri,185,-0.429,-1.324,-3.51,-1.351,0.493,0.276
5,True,0,10,Lehra,185,-0.239,-1.239,14.55,-1.174,0.696,0.276
5,True,0,10,Malerkotla,185,-0.531,-1.296,-7.51,-1.558,0.496,0.33
5,True,0,10,Moonak,185,-0.248,-1.168,6.11,-1.213,0.718,0.27
5,True,0,10,Sangrur,185,-0.294,-1.459,2.11,-1.301,0.712,0.292
5,True,0,10,Sunam,185,-0.371,-1.243,9.29,-1.317,0.575,0.286
5,True,0,17,Dhuri,185,0.483,-0.958,30.4,-0.456,1.422,0.297
5,True,0,17,Lehra,185,0.954,-0.778,62.63,-0.019,1.928,0.368
5,True,0,17,Malerkotla,185,0.652,-1.003,33.69,-0.409,1.713,0.286
5,True,0,17,Moonak,185,1.351,-0.864,71.0,0.263,2.44,0.373
5,True,0,17,Sangrur,185,0.609,-1.072,40.05,-0.385,1.602,0.341
5,True,0,17,Sunam,185,0.616,-0.904,47.71,-0.355,1.587,0.346
5,True,0,24,Dhuri,185,2.212,-0.2,49.05,0.943,3.482,0.427
5,True,0,24,Lehra,185,2.19,-0.575,46.27,0.937,3.444,0.395
5,True,0,24,Malerkotla,185,2.681,-0.35,55.53,1.22,4.142,0.411
5,True,0,24,Moonak,185,2.056,-0.855,45.21,0.734,3.377,0.384
5,True,0,24,Sangrur,185,2.517,-0.268,52.64,1.138,3.896,0.405
5,True,0,24,Sunam,185,2.243,-0.463,48.19,0.963,3.523,0.389
5,True,1,3,Dhuri,99,-2.787,-7.427,-19.58,-7.257,1.683,0.253
5,True,1,3,Lehra,99,-1.296,-4.366,-12.5,-5.04,2.447,0.354
5,True,1,3,Malerkotla,99,-3.079,-8.632,-19.12,-7.645,1.487,0.263
5,True,1,3,Moonak,99,-0.703,-3.884,-11.49,-4.471,3.066,0.374
5,True,1,3,Sangrur,99,-3.153,-6.093,-21.04,-7.58,1.275,0.303
5,True,1,3,Sunam,99,-2.488,-6.658,-19.37,-6.506,1.53,0.303
5,True,1,10,Dhuri,99,-2.03,-1.975,-9.97,-6.121,2.06,0.323
5,True,1,10,Lehra,99,-0.271,-1.595,-0.06,-4.15,3.608,0.354
5,True,1,10,Malerkotla,99,-3.238,-2.805,-11.93,-6.847,0.37,0.303
5,True,1,10,Moonak,99,-1.179,-1.977,-6.17,-4.515,2.157,0.364
5,True,1,10,Sangrur,99,-1.447,-2.447,-7.92,-5.938,3.044,0.333
5,True,1,10,Sunam,99,-0.535,-1.674,-3.51,-4.77,3.7,0.354
5,True,1,17,Dhuri,99,-3.252,-1.549,-9.76,-6.907,0.404,0.394
5,True,1,17,Lehra,99,-2.095,-1.944,-7.94,-5.709,1.519,0.384
5,True,1,17,Malerkotla,99,-2.744,-1.348,-4.21,-6.454,0.966,0.384
5,True,1,17,Moonak,99,-2.706,-1.676,-4.38,-6.22,0.809,0.384
5,True,1,17,Sangrur,99,-3.484,-1.541,-3.55,-7.312,0.344,0.394
5,True,1,17,Sunam,99,-2.922,-1.674,-7.55,-6.619,0.776,0.374
5,True,1,24,Dhuri,99,-0.606,-1.684,-10.51,-7.594,6.383,0.222
5,True,1,24,Lehra,99,-1.784,-1.972,-0.17,-8.025,4.458,0.303
5,True,1,24,Malerkotla,99,0.587,-1.473,-5.4,-6.639,7.814,0.232
5,True,1,24,Moonak,99,-3.055,-1.517,4.81,-8.506,2.396,0.323
5,True,1,24,Sangrur,99,-3.7,-1.905,-12.35,-9.938,2.538,0.273
5,True,1,24,Sunam,99,-3.19,-2.03,-6.25,-9.46,3.079,0.303
6,False,0,3,Dhuri,128,-0.761,-1.628,-30.28,-1.679,0.158,0.188
6,False,0,3,Lehra,128,-0.846,-1.689,-26.53,-1.583,-0.11,0.219
6,False,0,3,Malerkotla,128,-0.853,-1.627,-31.43,-1.938,0.232,0.188
6,False,0,3,Moonak,128,-1.034,-1.704,-25.2,-1.764,-0.304,0.219
6,False,0,3,Sangrur,128,-0.962,-1.789,-29.02,-1.799,-0.125,0.219
6,False,0,3,Sunam,128,-0.911,-1.741,-28.57,-1.695,-0.126,0.219
6,False,0,10,Dhuri,128,0.506,-1.671,-15.62,-1.159,2.17,0.164
6,False,0,10,Lehra,128,-0.216,-1.632,-13.23,-1.282,0.851,0.234
6,False,0,10,Malerkotla,128,0.769,-1.516,-13.98,-1.179,2.717,0.188
6,False,0,10,Moonak,128,-0.016,-1.631,-4.33,-1.128,1.096,0.289
6,False,0,10,Sangrur,128,0.338,-1.697,-12.26,-1.219,1.895,0.203
6,False,0,10,Sunam,128,0.235,-1.624,-10.29,-1.129,1.598,0.242
6,False,0,17,Dhuri,128,1.506,-0.964,34.26,0.019,2.993,0.305
6,False,0,17,Lehra,128,0.607,-0.884,14.46,-0.64,1.853,0.297
6,False,0,17,Malerkotla,128,1.624,-1.147,32.11,-0.038,3.286,0.305
6,False,0,17,Moonak,128,0.807,-1.117,18.07,-0.528,2.142,0.312
6,False,0,17,Sangrur,128,1.575,-1.061,43.82,0.029,3.121,0.312
6,False,0,17,Sunam,128,1.15,-0.889,34.33,-0.247,2.547,0.328
6,False,0,24,Dhuri,128,1.705,-2.357,0.7,-0.56,3.969,0.203
6,False,0,24,Lehra,128,1.035,-1.928,-11.72,-0.722,2.791,0.18
6,False,0,24,Malerkotla,128,1.586,-2.459,-3.05,-0.875,4.047,0.227
6,False,0,24,Moonak,128,0.661,-1.904,-12.72,-0.941,2.263,0.211
6,False,0,24,Sangrur,128,1.802,-2.598,-1.26,-0.58,4.183,0.18
6,False,0,24,Sunam,128,1.392,-2.169,-6.61,-0.668,3.452,0.18
6,False,1,3,Dhuri,66,-2.9,-7.406,-20.02,-9.595,3.796,0.227
6,False,1,3,Lehra,66,-3.366,-9.697,-21.59,-10.27,3.538,0.258
6,False,1,3,Malerkotla,66,-3.184,-8.849,-20.72,-9.336,2.967,0.258
6,False,1,3,Moonak,66,-4.251,-9.793,-25.48,-11.206,2.704,0.258
6,False,1,3,Sangrur,66,-2.938,-10.34,-19.21,-9.9,4.024,0.273
6,False,1,3,Sunam,66,-2.733,-8.721,-19.53,-9.874,4.408,0.227
6,False,1,10,Dhuri,66,5.465,0.841,15.93,-1.801,12.731,0.515
6,False,1,10,Lehra,66,4.885,-0.281,19.32,-2.132,11.902,0.5
6,False,1,10,Malerkotla,66,3.919,-0.992,11.05,-3.048,10.885,0.47
6,False,1,10,Moonak,66,3.804,-0.37,16.65,-2.986,10.593,0.5
6,False,1,10,Sangrur,66,5.974,3.809,17.16,-1.601,13.55,0.53
6,False,1,10,Sunam,66,5.524,5.024,18.01,-1.83,12.877,0.515
6,False,1,17,Dhuri,66,6.366,-1.583,18.03,-2.24,14.972,0.439
6,False,1,17,Lehra,66,5.097,-1.807,13.93,-3.21,13.405,0.379
6,False,1,17,Malerkotla,66,6.276,-0.458,15.38,-1.837,14.389,0.439
6,False,1,17,Moonak,66,4.305,-1.597,13.83,-3.453,12.063,0.424
6,False,1,17,Sangrur,66,8.186,-1.562,22.06,-1.538,17.909,0.439
6,False,1,17,Sunam,66,6.531,-1.658,18.72,-2.224,15.285,0.439
6,False,1,24,Dhuri,66,3.509,-2.852,28.92,-5.305,12.322,0.333
6,False,1,24,Lehra,66,5.284,-6.047,12.79,-4.197,14.765,0.303
6,False,1,24,Malerkotla,66,4.692,-1.479,35.05,-4.136,13.521,0.394
6,False,1,24,Moonak,66,6.716,-1.991,12.92,-2.469,15.902,0.364
6,False,1,24,Sangrur,66,3.551,-5.597,16.22,-5.22,12.322,0.364
6,False,1,24,Sunam,66,4.626,-6.057,12.66,-4.77,14.023,0.318
6,True,0,3,Dhuri,195,-0.282,-1.599,-5.44,-1.203,0.64,0.262
6,True,0,3,Lehra,195,0.134,-1.513,4.51,-0.788,1.055,0.303
6,True,0,3,Malerkotla,195,-0.527,-1.482,-7.51,-1.479,0.425,0.277
6,True,0,3,Moonak,195,0.174,-1.583,3.7,-0.784,1.132,0.297
6,True,0,3,Sangrur,195,-0.085,-1.618,0.94,-1.053,0.883,0.267
6,True,0,3,Sunam,195,-0.017,-1.564,2.96,-0.923,0.89,0.282
6,True,0,10,Dhuri,195,0.057,-1.325,22.28,-0.773,0.886,0.318
6,True,0,10,Lehra,195,0.947,-0.888,35.98,0.021,1.872,0.374
6,True,0,10,Malerkotla,195,0.106,-1.324,23.81,-0.834,1.047,0.318
6,True,0,10,Moonak,195,1.574,-0.999,49.72,0.499,2.648,0.379
6,True,0,10,Sangrur,195,0.121,-1.614,17.87,-0.757,0.999,0.328
6,True,0,10,Sunam,195,0.395,-1.27,21.99,-0.475,1.266,0.359
6,True,0,17,Dhuri,195,0.661,-0.739,15.29,-0.316,1.638,0.379
6,True,0,17,Lehra,195,1.129,-0.618,29.96,0.101,2.157,0.395
6,True,0,17,Malerkotla,195,1.109,-0.74,23.6,-0.032,2.251,0.421
6,True,0,17,Moonak,195,1.118,-0.962,33.04,0.052,2.184,0.41
6,True,0,17,Sangrur,195,0.775,-0.761,20.58,-0.214,1.763,0.395
6,True,0,17,Sunam,195,0.88,-0.545,23.88,-0.092,1.852,0.421
6,True,0,24,Dhuri,195,-0.21,-2.127,-12.16,-1.376,0.955,0.267
6,True,0,24,Lehra,195,-0.593,-2.225,-22.47,-1.466,0.28,0.241
6,True,0,24,Malerkotla,195,0.103,-2.259,-4.91,-1.299,1.505,0.282
6,True,0,24,Moonak,195,-0.53,-2.406,-17.93,-1.437,0.377,0.251
6,True,0,24,Sangrur,195,-0.466,-2.122,-14.1,-1.549,0.617,0.231
6,True,0,24,Sunam,195,-0.556,-2.252,-18.03,-1.533,0.422,0.231
6,True,1,3,Dhuri,80,0.275,0.054,-1.92,-4.616,5.166,0.5
6,True,1,3,Lehra,80,0.644,-0.106,3.17,-4.418,5.705,0.5
6,True,1,3,Malerkotla,80,-0.698,0.228,-3.7,-4.922,3.526,0.525
6,True,1,3,Moonak,80,-1.523,-1.942,-3.38,-6.219,3.173,0.475
6,True,1,3,Sangrur,80,1.408,-0.626,1.77,-4.232,7.048,0.487
6,True,1,3,Sunam,80,1.191,1.017,3.0,-4.237,6.618,0.525
6,True,1,10,Dhuri,80,-9.549,-12.511,-29.67,-13.655,-5.442,0.325
6,True,1,10,Lehra,80,-8.947,-8.243,-27.68,-12.535,-5.359,0.312
6,True,1,10,Malerkotla,80,-8.684,-11.204,-27.64,-12.532,-4.837,0.325
6,True,1,10,Moonak,80,-9.426,-9.827,-28.83,-13.159,-5.694,0.287
6,True,1,10,Sangrur,80,-8.725,-13.543,-25.33,-13.479,-3.971,0.338
6,True,1,10,Sunam,80,-8.585,-8.538,-25.52,-12.691,-4.48,0.338
6,True,1,17,Dhuri,80,-8.906,-14.411,-21.09,-15.771,-2.041,0.325
6,True,1,17,Lehra,80,-9.434,-14.289,-21.72,-15.649,-3.22,0.338
6,True,1,17,Malerkotla,80,-6.919,-11.125,-17.66,-13.836,-0.002,0.362
6,True,1,17,Moonak,80,-8.469,-14.457,-21.98,-14.708,-2.229,0.35
6,True,1,17,Sangrur,80,-9.072,-14.891,-20.62,-16.234,-1.909,0.338
6,True,1,17,Sunam,80,-9.822,-11.789,-21.92,-16.457,-3.187,0.338
6,True,1,24,Dhuri,80,-8.76,-5.085,-24.1,-14.995,-2.525,0.375
6,True,1,24,Lehra,80,-12.423,-12.333,-35.69,-17.494,-7.351,0.3
6,True,1,24,Malerkotla,80,-7.774,-3.292,-21.18,-14.057,-1.49,0.388
6,True,1,24,Moonak,80,-11.017,-10.864,-33.25,-15.978,-6.056,0.287
6,True,1,24,Sangrur,80,-8.274,-1.378,-23.72,-14.552,-1.997,0.425
6,True,1,24,Sunam,80,-10.317,-5.38,-29.29,-15.904,-4.731,0.338
7,False,0,3,Dhuri,108,0.559,-1.753,-5.73,-1.042,2.16,0.296
7,False,0,3,Lehra,108,0.294,-0.871,-1.37,-0.703,1.291,0.352
7,False,0,3,Malerkotla,108,0.686,-1.903,-9.73,-1.221,2.593,0.278
7,False,0,3,Moonak,108,0.377,-1.164,3.0,-0.671,1.425,0.361
7,False,0,3,Sangrur,108,0.358,-1.359,-4.63,-1.014,1.73,0.306
7,False,0,3,Sunam,108,0.434,-1.195,-0.88,-0.801,1.67,0.352
7,False,0,10,Dhuri,108,0.169,-2.893,46.5,-1.395,1.733,0.241
7,False,0,10,Lehra,108,-0.109,-2.474,7.38,-1.433,1.215,0.231
7,False,0,10,Malerkotla,108,0.129,-2.913,44.16,-1.645,1.904,0.241
7,False,0,10,Moonak,108,-0.058,-2.216,1.57,-1.376,1.26,0.296
7,False,0,10,Sangrur,108,0.417,-2.59,26.93,-1.23,2.064,0.259
7,False,0,10,Sunam,108,0.133,-2.698,14.93,-1.356,1.622,0.278
7,False,0,17,Dhuri,108,-1.436,-3.589,-37.89,-2.869,-0.003,0.148
7,False,0,17,Lehra,108,-1.579,-2.976,-50.04,-2.706,-0.452,0.102
7,False,0,17,Malerkotla,108,-1.854,-4.242,-39.67,-3.305,-0.403,0.139
7,False,0,17,Moonak,108,-1.67,-2.984,-47.95,-2.716,-0.624,0.157
7,False,0,17,Sangrur,108,-1.487,-3.334,-41.66,-2.86,-0.114,0.083
7,False,0,17,Sunam,108,-1.645,-3.464,-46.17,-2.832,-0.458,0.102
7,False,0,24,Dhuri,108,-1.691,-3.433,-42.75,-3.044,-0.337,0.167
7,False,0,24,Lehra,108,-1.409,-3.136,-42.88,-2.671,-0.146,0.167
7,False,0,24,Malerkotla,108,-1.923,-3.787,-41.78,-3.408,-0.439,0.185
7,False,0,24,Moonak,108,-1.3,-3.196,-39.11,-2.652,0.051,0.148
7,False,0,24,Sangrur,108,-1.573,-3.164,-41.78,-2.961,-0.186,0.176
7,False,0,24,Sunam,108,-1.505,-2.934,-42.01,-2.82,-0.19,0.176
7,False,1,3,Dhuri,60,-3.688,-10.73,-22.02,-12.255,4.878,0.3
7,False,1,3,Lehra,60,-3.153,-8.125,-23.83,-12.007,5.7,0.267
7,False,1,3,Malerkotla,60,-4.644,-8.907,-23.59,-12.273,2.985,0.283
7,False,1,3,Moonak,60,-3.796,-8.083,-27.21,-12.616,5.023,0.283
7,False,1,3,Sangrur,60,-3.846,-9.412,-24.09,-12.291,4.599,0.283
7,False,1,3,Sunam,60,-2.742,-8.574,-23.62,-11.662,6.179,0.283
7,False,1,10,Dhuri,60,-1.738,-3.09,-6.88,-10.165,6.689,0.3
7,False,1,10,Lehra,60,-3.714,-9.831,-10.98,-11.8,4.371,0.267
7,False,1,10,Malerkotla,60,-2.81,-3.747,-10.27,-10.573,4.952,0.317
7,False,1,10,Moonak,60,-4.197,-8.034,-14.14,-11.706,3.312,0.283
7,False,1,10,Sangrur,60,-1.272,-6.05,-5.39,-10.551,8.007,0.267
7,False,1,10,Sunam,60,-2.755,-10.057,-8.94,-11.286,5.776,0.267
7,False,1,17,Dhuri,60,-3.528,-3.213,-2.82,-11.108,4.053,0.3
7,False,1,17,Lehra,60,-2.721,-7.518,-5.0,-10.973,5.532,0.283
7,False,1,17,Malerkotla,60,-1.316,-2.489,0.88,-8.814,6.183,0.333
7,False,1,17,Moonak,60,-1.622,-3.631,-0.6,-9.498,6.253,0.35
7,False,1,17,Sangrur,60,-3.03,-5.472,-2.98,-11.106,5.045,0.317
7,False,1,17,Sunam,60,-2.553,-7.131,-3.31,-10.799,5.692,0.283
7,False,1,24,Dhuri,60,1.237,-1.883,9.03,-8.296,10.77,0.367
7,False,1,24,Lehra,60,4.295,-4.533,3.95,-6.887,15.477,0.283
7,False,1,24,Malerkotla,60,-0.459,-1.315,4.5,-8.959,8.042,0.367
7,False,1,24,Moonak,60,6.849,-1.995,6.71,-4.004,17.702,0.35
7,False,1,24,Sangrur,60,1.674,-1.639,0.89,-8.016,11.364,0.367
7,False,1,24,Sunam,60,3.794,-2.936,2.16,-7.001,14.59,0.283
7,True,0,3,Dhuri,222,0.511,-0.982,14.27,-0.448,1.469,0.333
7,True,0,3,Lehra,222,0.528,-1.031,15.86,-0.368,1.423,0.315
7,True,0,3,Malerkotla,222,0.625,-0.828,13.75,-0.469,1.718,0.356
7,True,0,3,Moonak,222,0.675,-0.82,16.33,-0.266,1.616,0.329
7,True,0,3,Sangrur,222,0.396,-1.442,12.3,-0.553,1.346,0.342
7,True,0,3,Sunam,222,0.415,-1.293,12.9,-0.501,1.33,0.333
7,True,0,10,Dhuri,222,0.933,-0.876,39.56,-0.033,1.898,0.41
7,True,0,10,Lehra,222,1.333,-1.041,52.76,0.313,2.352,0.378
7,True,0,10,Malerkotla,222,1.443,-0.939,47.13,0.305,2.581,0.387
7,True,0,10,Moonak,222,1.576,-1.059,54.83,0.528,2.624,0.396
7,True,0,10,Sangrur,222,1.128,-1.247,42.14,0.105,2.151,0.401
7,True,0,10,Sunam,222,1.092,-0.89,44.71,0.089,2.095,0.405
7,True,0,17,Dhuri,222,1.052,-1.945,16.52,-0.075,2.178,0.36
7,True,0,17,Lehra,222,1.137,-1.75,15.37,0.014,2.26,0.315
7,True,0,17,Malerkotla,222,1.468,-1.912,23.09,0.148,2.788,0.378
7,True,0,17,Moonak,222,1.103,-1.892,17.24,-0.035,2.24,0.32
7,True,0,17,Sangrur,222,1.041,-1.957,14.22,-0.123,2.205,0.302
7,True,0,17,Sunam,222,1.036,-1.821,14.03,-0.104,2.176,0.306
7,True,0,24,Dhuri,222,0.363,-2.711,-6.19,-0.696,1.422,0.288
7,True,0,24,Lehra,222,0.009,-2.568,-16.25,-0.927,0.945,0.248
7,True,0,24,Malerkotla,222,0.6,-2.844,-5.46,-0.692,1.892,0.297
7,True,0,24,Moonak,222,-0.223,-2.364,-19.01,-1.142,0.696,0.23
7,True,0,24,Sangrur,222,0.167,-2.796,-9.59,-0.9,1.235,0.261
7,True,0,24,Sunam,222,0.184,-2.622,-12.75,-0.869,1.237,0.234
7,True,1,3,Dhuri,33,-0.975,-9.849,-13.31,-7.719,5.768,0.424
7,True,1,3,Lehra,33,-1.384,1.086,-15.05,-6.729,3.961,0.545
7,True,1,3,Malerkotla,33,1.045,-6.637,-9.24,-6.124,8.213,0.424
7,True,1,3,Moonak,33,0.957,0.336,-6.78,-5.347,7.262,0.545
7,True,1,3,Sangrur,33,-1.951,-10.975,-14.46,-9.42,5.518,0.455
7,True,1,3,Sunam,33,-1.921,-3.243,-14.78,-8.086,4.243,0.485
7,True,1,10,Dhuri,33,-10.363,-20.302,-27.83,-20.309,-0.417,0.303
7,True,1,10,Lehra,33,-13.094,-17.819,-35.53,-21.119,-5.068,0.333
7,True,1,10,Malerkotla,33,-8.406,-20.304,-24.12,-18.268,1.457,0.333
7,True,1,10,Moonak,33,-14.996,-17.658,-42.3,-22.463,-7.529,0.303
7,True,1,10,Sangrur,33,-13.4,-21.383,-32.53,-23.855,-2.945,0.303
7,True,1,10,Sunam,33,-13.912,-19.628,-34.71,-23.091,-4.734,0.303
7,True,1,17,Dhuri,33,-24.026,-27.829,-59.3,-30.266,-17.786,0.091
7,True,1,17,Lehra,33,-21.121,-26.135,-57.92,-28.159,-14.084,0.121
7,True,1,17,Malerkotla,33,-24.033,-28.362,-59.96,-29.902,-18.163,0.061
7,True,1,17,Moonak,33,-20.437,-24.317,-57.19,-27.38,-13.494,0.061
7,True,1,17,Sangrur,33,-24.076,-30.18,-56.99,-31.303,-16.848,0.152
7,True,1,17,Sunam,33,-22.628,-28.226,-57.27,-30.001,-15.255,0.091
7,True,1,24,Dhuri,33,-10.235,-11.544,-28.38,-18.711,-1.758,0.273
7,True,1,24,Lehra,33,-4.544,0.092,-14.01,-14.204,5.115,0.515
7,True,1,24,Malerkotla,33,-12.319,-16.478,-33.67,-20.293,-4.346,0.212
7,True,1,24,Moonak,33,-3.087,-0.609,-10.62,-13.234,7.06,0.485
7,True,1,24,Sangrur,33,-6.722,-5.082,-18.55,-16.055,2.61,0.364
7,True,1,24,Sunam,33,-4.278,-0.863,-13.35,-13.957,5.402,0.455
8,False,0,3,Dhuri,118,0.439,-1.221,30.98,-0.662,1.54,0.339
8,False,0,3,Lehra,118,0.142,-1.119,7.56,-0.702,0.986,0.322
8,False,0,3,Malerkotla,118,0.341,-1.49,21.56,-0.91,1.592,0.237
8,False,0,3,Moonak,118,-0.125,-0.79,-6.4,-0.916,0.666,0.347
8,False,0,3,Sangrur,118,0.236,-1.144,12.07,-0.732,1.203,0.347
8,False,0,3,Sunam,118,0.205,-1.019,9.49,-0.686,1.097,0.39
8,False,0,10,Dhuri,118,1.763,-1.847,28.66,0.004,3.523,0.331
8,False,0,10,Lehra,118,0.358,-2.105,-3.19,-1.063,1.779,0.263
8,False,0,10,Malerkotla,118,2.202,-1.426,32.65,0.199,4.206,0.339
8,False,0,10,Moonak,118,0.382,-1.898,-7.89,-1.153,1.917,0.246
8,False,0,10,Sangrur,118,1.395,-1.835,18.81,-0.348,3.138,0.297
8,False,0,10,Sunam,118,0.969,-2.075,10.66,-0.647,2.585,0.271
8,False,0,17,Dhuri,118,0.686,-3.765,13.39,-2.062,3.434,0.195
8,False,0,17,Lehra,118,0.037,-2.718,-18.79,-2.037,2.11,0.144
8,False,0,17,Malerkotla,118,0.802,-4.304,14.25,-2.329,3.933,0.195
8,False,0,17,Moonak,118,0.52,-2.749,-13.58,-1.939,2.979,0.203
8,False,0,17,Sangrur,118,0.894,-3.269,-1.83,-2.019,3.807,0.178
8,False,0,17,Sunam,118,0.409,-3.235,-13.07,-2.053,2.871,0.178
8,False,0,24,Dhuri,118,-2.146,-3.608,-44.93,-3.5,-0.792,0.195
8,False,0,24,Lehra,118,-2.427,-3.339,-54.13,-3.499,-1.356,0.153
8,False,0,24,Malerkotla,118,-2.275,-4.219,-42.99,-3.79,-0.761,0.195
8,False,0,24,Moonak,118,-2.521,-3.384,-53.92,-3.524,-1.518,0.169
8,False,0,24,Sangrur,118,-2.227,-3.451,-47.91,-3.675,-0.779,0.153
8,False,0,24,Sunam,118,-2.431,-3.557,-52.08,-3.641,-1.221,0.153
8,False,1,3,Dhuri,65,-8.126,-17.175,-27.14,-16.404,0.153,0.246
8,False,1,3,Lehra,65,-5.459,-11.107,-20.98,-14.421,3.504,0.246
8,False,1,3,Malerkotla,65,-7.323,-13.393,-25.97,-14.912,0.267,0.262
8,False,1,3,Moonak,65,-5.36,-13.772,-24.34,-14.312,3.592,0.262
8,False,1,3,Sangrur,65,-8.417,-14.393,-27.53,-16.75,-0.085,0.262
8,False,1,3,Sunam,65,-5.772,-13.729,-23.23,-14.823,3.279,0.262
8,False,1,10,Dhuri,65,2.078,-4.414,9.86,-7.997,12.153,0.431
8,False,1,10,Lehra,65,3.706,-3.75,7.29,-7.275,14.687,0.4
8,False,1,10,Malerkotla,65,0.53,-5.687,4.43,-8.584,9.645,0.369
8,False,1,10,Moonak,65,3.577,-3.69,4.98,-7.063,14.217,0.385
8,False,1,10,Sangrur,65,1.974,-3.856,7.09,-8.213,12.162,0.446
8,False,1,10,Sunam,65,2.94,-4.4,6.55,-7.626,13.506,0.431
8,False,1,17,Dhuri,65,-1.758,-6.532,-2.27,-10.866,7.35,0.354
8,False,1,17,Lehra,65,-2.981,-3.454,-2.77,-12.13,6.168,0.338
8,False,1,17,Malerkotla,65,-2.354,-7.197,-5.88,-11.044,6.336,0.354
8,False,1,17,Moonak,65,-4.12,-3.841,-8.66,-12.715,4.476,0.308
8,False,1,17,Sangrur,65,-1.558,-4.394,1.89,-10.936,7.821,0.369
8,False,1,17,Sunam,65,-2.285,-5.144,1.41,-11.489,6.918,0.354
8,False,1,24,Dhuri,65,-6.737,-9.331,44.72,-12.936,-0.537,0.338
8,False,1,24,Lehra,65,-5.661,-4.233,12.04,-11.623,0.301,0.323
8,False,1,24,Malerkotla,65,-7.345,-10.499,33.16,-13.5,-1.189,0.308
8,False,1,24,Moonak,65,-5.719,-4.615,1.66,-11.373,-0.065,0.323
8,False,1,24,Sangrur,65,-6.429,-9.204,24.66,-12.474,-0.384,0.338
8,False,1,24,Sunam,65,-5.535,-6.508,17.4,-11.49,0.421,0.338
8,True,0,3,Dhuri,182,0.838,-1.064,25.74,-0.167,1.843,0.39
8,True,0,3,Lehra,182,1.384,-0.842,35.72,0.245,2.524,0.335
8,True,0,3,Malerkotla,182,1.41,-0.969,33.43,0.249,2.571,0.396
8,True,0,3,Moonak,182,1.841,-0.918,45.31,0.641,3.041,0.368
8,True,0,3,Sangrur,182,0.917,-1.146,27.15,-0.145,1.98,0.368
8,True,0,3,Sunam,182,1.024,-0.884,29.33,-0.055,2.103,0.374
8,True,0,10,Dhuri,182,1.897,-0.989,42.48,0.697,3.096,0.374
8,True,0,10,Lehra,182,1.68,-1.437,48.21,0.45,2.909,0.313
8,True,0,10,Malerkotla,182,2.418,-1.024,47.24,1.029,3.806,0.396
8,True,0,10,Moonak,182,1.548,-1.497,48.47,0.284,2.812,0.346
8,True,0,10,Sangrur,182,1.79,-1.372,41.23,0.579,3.0,0.357
8,True,0,10,Sunam,182,1.543,-1.44,42.71,0.368,2.718,0.341
8,True,0,17,Dhuri,182,-0.157,-2.495,-9.75,-1.401,1.087,0.187
8,True,0,17,Lehra,182,-0.956,-1.998,-35.82,-1.73,-0.182,0.165
8,True,0,17,Malerkotla,182,-0.249,-2.629,-11.67,-1.749,1.25,0.176
8,True,0,17,Moonak,182,-1.468,-2.136,-45.04,-2.221,-0.715,0.126
8,True,0,17,Sangrur,182,-0.457,-2.3,-22.11,-1.563,0.648,0.17
8,True,0,17,Sunam,182,-0.638,-2.134,-29.08,-1.609,0.333,0.154
8,True,0,24,Dhuri,182,-1.041,-2.572,4.11,-1.981,-0.101,0.258
8,True,0,24,Lehra,182,-0.973,-1.959,9.66,-1.835,-0.112,0.291
8,True,0,24,Malerkotla,182,-1.325,-2.813,2.73,-2.384,-0.265,0.253
8,True,0,24,Moonak,182,-1.002,-1.844,13.02,-1.891,-0.112,0.33
8,True,0,24,Sangrur,182,-1.094,-2.295,-1.15,-1.955,-0.232,0.297
8,True,0,24,Sunam,182,-0.859,-2.127,4.98,-1.704,-0.014,0.33
8,True,1,3,Dhuri,43,-8.085,-13.92,-33.31,-14.001,-2.169,0.209
8,True,1,3,Lehra,43,-12.05,-12.063,-45.86,-16.331,-7.769,0.163
8,True,1,3,Malerkotla,43,-6.966,-9.917,-31.04,-13.171,-0.762,0.233
8,True,1,3,Moonak,43,-12.201,-9.531,-50.85,-15.686,-8.716,0.14
8,True,1,3,Sangrur,43,-10.384,-11.789,-39.51,-15.716,-5.052,0.186
8,True,1,3,Sunam,43,-11.646,-13.007,-45.84,-16.46,-6.832,0.14
8,True,1,10,Dhuri,43,7.289,-0.078,31.74,-2.931,17.509,0.488
8,True,1,10,Lehra,43,11.764,0.382,43.52,-1.604,25.132,0.535
8,True,1,10,Malerkotla,43,8.319,0.055,39.08,-1.596,18.235,0.512
8,True,1,10,Moonak,43,10.964,0.059,51.13,-1.293,23.221,0.512
8,True,1,10,Sangrur,43,11.407,0.207,46.65,-1.764,24.578,0.512
8,True,1,10,Sunam,43,10.803,-0.012,44.84,-2.196,23.802,0.488
8,True,1,17,Dhuri,43,-0.697,-1.511,-13.51,-7.276,5.882,0.326
8,True,1,17,Lehra,43,1.458,-1.972,-3.83,-6.657,9.573,0.349
8,True,1,17,Malerkotla,43,-1.711,-1.397,-16.04,-8.225,4.803,0.326
8,True,1,17,Moonak,43,1.154,-1.794,-3.81,-5.958,8.265,0.349
8,True,1,17,Sangrur,43,1.712,-1.788,-4.2,-6.381,9.805,0.302
8,True,1,17,Sunam,43,1.945,-1.885,-1.5,-5.939,9.829,0.372
8,True,1,24,Dhuri,43,-4.522,-1.711,-45.41,-8.281,-0.762,0.116
8,True,1,24,Lehra,43,-3.202,-1.829,-34.19,-7.059,0.655,0.209
8,True,1,24,Malerkotla,43,-4.919,-1.566,-46.04,-8.384,-1.455,0.163
8,True,1,24,Moonak,43,-2.491,-1.794,-38.1,-7.388,2.406,0.209
8,True,1,24,Sangrur,43,-3.044,-1.722,-38.5,-7.264,1.176,0.209
8,True,1,24,Sunam,43,-2.438,-1.672,-33.92,-6.926,2.051,0.209
