split,issue,block,EXCESS_DAILY,EXCESS_3D,EXCESS_7D,LABEL_DAILY,LABEL_3D,LABEL_7D,f_max,f_3dmax,f_7d,o_max,o_3dmax,o_7d
eval,2021-06-02,Dhuri,0.0,0.0,0.0,0,0,0,1.536,2.979,5.584,17.67,17.811,19.058
eval,2021-06-02,Lehra,0.0,0.0,0.0,0,0,0,1.291,2.955,5.99,7.32,7.488,7.488
eval,2021-06-02,Malerkotla,0.0,0.0,0.0,0,0,0,1.774,3.287,6.013,20.519,21.395,24.448
eval,2021-06-02,Moonak,0.0,0.0,0.0,0,0,0,1.266,2.657,5.415,8.295,8.425,8.425
eval,2021-06-02,Sangrur,0.0,0.0,0.0,0,0,0,1.452,3.018,5.938,17.344,17.494,17.561
eval,2021-06-02,Sunam,0.0,0.0,0.0,0,0,0,1.41,3.103,6.34,11.09,11.255,11.258
eval,2021-06-09,Dhuri,0.0,0.0,0.0,0,0,0,2.007,3.795,6.129,13.571,26.64,30.28
eval,2021-06-09,Lehra,0.0,0.0,0.0,1,0,0,1.764,3.194,4.726,21.142,28.581,42.26
eval,2021-06-09,Malerkotla,0.0,0.0,0.0,0,0,0,2.229,4.064,6.824,15.592,27.981,31.387
eval,2021-06-09,Moonak,0.0,0.0,0.0,0,0,0,2.601,4.565,6.735,17.435,24.254,40.356
eval,2021-06-09,Sangrur,0.0,0.0,0.0,0,0,0,2.585,4.53,6.918,15.426,28.961,35.76
eval,2021-06-09,Sunam,0.0,0.0,0.0,0,0,0,2.21,4.013,6.056,14.031,27.823,42.389
eval,2021-06-16,Dhuri,0.0,0.0,0.0,0,0,0,0.105,0.274,0.363,0.0,0.0,0.0
eval,2021-06-16,Lehra,0.0,0.0,0.0,0,0,0,0.002,0.005,0.006,0.0,0.0,0.0
eval,2021-06-16,Malerkotla,0.0,0.0,0.0,0,0,0,0.068,0.171,0.233,0.0,0.0,0.0
eval,2021-06-16,Moonak,0.0,0.0,0.0,0,0,0,0.027,0.064,0.077,0.0,0.0,0.0
eval,2021-06-16,Sangrur,0.0,0.0,0.0,0,0,0,0.137,0.32,0.413,0.0,0.0,0.0
eval,2021-06-16,Sunam,0.0,0.0,0.0,0,0,0,0.061,0.136,0.173,0.0,0.0,0.0
eval,2021-06-23,Dhuri,0.0,0.0,0.0,0,0,0,0.088,0.175,0.202,1.342,1.342,1.342
eval,2021-06-23,Lehra,0.0,0.0,0.0,0,0,0,0.006,0.012,0.013,0.0,0.0,0.0
eval,2021-06-23,Malerkotla,0.0,0.0,0.0,0,0,0,0.04,0.081,0.095,2.802,2.802,2.802
eval,2021-06-23,Moonak,0.0,0.0,0.0,0,0,0,0.006,0.01,0.012,0.0,0.0,0.0
eval,2021-06-23,Sangrur,0.0,0.0,0.0,0,0,0,0.052,0.105,0.118,0.705,0.705,0.705
eval,2021-06-23,Sunam,0.0,0.0,0.0,0,0,0,0.032,0.064,0.072,0.003,0.003,0.003
eval,2021-06-30,Dhuri,0.0,0.0,0.0,0,0,0,1.174,3.012,4.444,3.256,7.152,8.678
eval,2021-06-30,Lehra,0.0,0.0,0.0,0,0,0,0.339,0.937,1.191,0.206,0.56,0.625
eval,2021-06-30,Malerkotla,0.0,0.0,0.0,0,0,0,1.4,3.58,5.711,1.9,4.662,6.167
eval,2021-06-30,Moonak,0.0,0.0,0.0,0,0,0,0.271,0.776,0.965,0.033,0.062,0.078
eval,2021-06-30,Sangrur,0.0,0.0,0.0,0,0,0,0.886,2.339,3.395,2.49,5.543,6.539
eval,2021-06-30,Sunam,0.0,0.0,0.0,0,0,0,0.543,1.496,2.068,1.627,3.953,4.465
eval,2021-07-07,Dhuri,0.0,0.0,0.0,0,0,0,10.384,29.581,32.07,10.968,25.198,29.26
eval,2021-07-07,Lehra,0.0,0.0,0.0,1,1,0,6.643,19.116,20.816,19.421,33.919,36.055
eval,2021-07-07,Malerkotla,0.0,1.0,0.0,0,0,0,14.252,36.893,40.153,15.59,34.844,41.213
eval,2021-07-07,Moonak,0.0,0.0,0.0,1,1,0,7.112,19.623,21.283,27.368,43.131,46.988
eval,2021-07-07,Sangrur,0.0,0.0,0.0,0,0,0,9.961,27.333,29.751,14.479,32.165,35.492
eval,2021-07-07,Sunam,0.0,0.0,0.0,0,0,0,7.755,22.757,24.685,16.357,29.593,31.845
eval,2021-07-14,Dhuri,0.0,0.0,0.0,1,1,1,12.277,34.451,39.836,52.792,85.306,104.133
eval,2021-07-14,Lehra,0.0,0.0,0.0,1,1,1,12.214,30.295,37.463,37.487,75.519,92.821
eval,2021-07-14,Malerkotla,0.0,1.0,0.0,1,1,1,13.147,35.73,40.882,65.69,98.248,113.356
eval,2021-07-14,Moonak,0.0,0.0,0.0,1,1,1,13.102,31.639,39.832,37.703,90.657,106.433
eval,2021-07-14,Sangrur,0.0,0.0,0.0,1,1,1,12.624,34.599,41.221,43.613,81.963,101.997
eval,2021-07-14,Sunam,0.0,0.0,0.0,1,1,1,12.911,33.523,40.804,33.174,74.494,93.708
eval,2021-07-21,Dhuri,0.0,0.0,0.0,1,1,1,14.013,28.208,42.596,46.399,93.59,106.33
eval,2021-07-21,Lehra,0.0,0.0,0.0,1,1,1,9.359,23.785,36.971,42.933,75.234,88.903
eval,2021-07-21,Malerkotla,0.0,0.0,0.0,1,1,1,16.323,31.949,46.913,57.282,92.902,100.76
eval,2021-07-21,Moonak,0.0,0.0,0.0,1,1,1,9.116,24.499,38.007,45.299,78.624,89.118
eval,2021-07-21,Sangrur,0.0,0.0,0.0,1,1,1,13.115,27.401,43.112,38.348,89.304,104.0
eval,2021-07-21,Sunam,0.0,0.0,0.0,1,1,1,10.321,24.698,39.489,38.796,77.701,93.032
eval,2021-07-28,Dhuri,1.0,1.0,1.0,0,0,0,28.696,53.492,82.039,11.491,19.665,37.594
eval,2021-07-28,Lehra,1.0,1.0,0.0,0,0,0,20.299,42.275,65.365,15.807,27.203,40.602
eval,2021-07-28,Malerkotla,1.0,1.0,1.0,0,0,0,30.066,53.151,81.876,11.301,23.944,38.61
eval,2021-07-28,Moonak,1.0,1.0,0.0,0,1,0,18.059,37.955,61.588,16.305,33.216,50.035
eval,2021-07-28,Sangrur,1.0,1.0,1.0,0,0,0,27.243,55.112,86.376,12.268,22.932,40.747
eval,2021-07-28,Sunam,1.0,1.0,0.0,0,0,0,23.58,49.228,76.829,15.356,26.032,41.546
eval,2021-08-04,Dhuri,0.0,0.0,0.0,0,0,0,0.976,2.052,2.378,2.503,2.572,2.649
eval,2021-08-04,Lehra,0.0,0.0,0.0,0,0,0,0.457,1.079,1.276,1.643,2.715,5.08
eval,2021-08-04,Malerkotla,0.0,0.0,0.0,0,0,0,1.803,3.71,4.352,3.302,3.312,3.323
eval,2021-08-04,Moonak,0.0,0.0,0.0,0,0,0,0.641,1.525,1.81,3.618,5.346,10.0
eval,2021-08-04,Sangrur,0.0,0.0,0.0,0,0,0,0.988,2.126,2.459,1.553,2.704,3.939
eval,2021-08-04,Sunam,0.0,0.0,0.0,0,0,0,0.837,1.819,2.127,1.67,3.109,5.117
eval,2021-08-11,Dhuri,0.0,0.0,0.0,0,0,0,0.397,0.884,1.043,0.312,0.519,0.519
eval,2021-08-11,Lehra,0.0,0.0,0.0,0,0,0,0.188,0.416,0.538,0.187,0.204,0.204
eval,2021-08-11,Malerkotla,0.0,0.0,0.0,0,0,0,0.541,1.127,1.337,0.478,0.839,0.848
eval,2021-08-11,Moonak,0.0,0.0,0.0,0,0,0,0.188,0.404,0.527,0.072,0.1,0.1
eval,2021-08-11,Sangrur,0.0,0.0,0.0,0,0,0,0.311,0.721,0.871,0.224,0.353,0.451
eval,2021-08-11,Sunam,0.0,0.0,0.0,0,0,0,0.257,0.592,0.719,0.228,0.276,0.304
eval,2021-08-18,Dhuri,0.0,0.0,0.0,1,1,0,17.982,31.482,39.094,37.609,50.508,51.396
eval,2021-08-18,Lehra,0.0,0.0,0.0,1,1,0,14.328,29.406,35.507,28.942,48.313,49.231
eval,2021-08-18,Malerkotla,0.0,0.0,0.0,1,1,0,19.849,33.702,42.036,42.534,55.034,56.462
eval,2021-08-18,Moonak,0.0,1.0,0.0,1,1,0,15.655,32.256,39.025,25.603,45.022,45.953
eval,2021-08-18,Sangrur,0.0,0.0,0.0,1,1,0,18.971,35.199,43.486,34.216,54.078,54.93
eval,2021-08-18,Sunam,0.0,0.0,0.0,1,1,0,16.814,32.792,40.134,32.452,53.143,54.091
eval,2021-08-25,Dhuri,0.0,0.0,0.0,0,0,0,5.173,9.707,10.032,9.047,11.279,11.936
eval,2021-08-25,Lehra,0.0,0.0,0.0,0,0,0,5.103,10.803,11.025,4.238,5.525,6.042
eval,2021-08-25,Malerkotla,0.0,0.0,0.0,0,0,0,5.201,9.473,9.854,9.501,11.678,12.357
eval,2021-08-25,Moonak,0.0,0.0,0.0,0,0,0,5.067,11.078,11.239,5.082,5.947,6.499
eval,2021-08-25,Sangrur,0.0,0.0,0.0,0,0,0,5.704,10.903,11.139,5.569,7.992,9.109
eval,2021-08-25,Sunam,0.0,0.0,0.0,0,0,0,5.103,10.362,10.559,4.469,6.463,7.408
eval,2021-09-01,Dhuri,0.0,0.0,0.0,1,1,0,9.313,17.055,29.426,60.401,66.842,72.071
eval,2021-09-01,Lehra,0.0,0.0,0.0,1,1,0,10.795,22.807,44.657,49.498,57.158,62.365
eval,2021-09-01,Malerkotla,0.0,0.0,0.0,1,1,0,9.678,17.027,28.243,36.454,41.98,48.397
eval,2021-09-01,Moonak,0.0,0.0,0.0,1,1,0,11.695,24.897,49.085,38.608,49.23,59.824
eval,2021-09-01,Sangrur,0.0,0.0,0.0,1,1,0,9.18,18.543,33.745,56.712,63.181,66.414
eval,2021-09-01,Sunam,0.0,0.0,0.0,1,1,0,9.554,20.456,38.665,56.082,62.987,66.389
eval,2021-09-08,Dhuri,0.0,0.0,0.0,1,1,0,11.727,30.593,50.02,22.333,59.076,67.759
eval,2021-09-08,Lehra,0.0,1.0,0.0,0,1,0,14.024,34.989,58.468,17.98,32.909,38.02
eval,2021-09-08,Malerkotla,0.0,0.0,0.0,0,1,0,12.421,31.939,48.539,20.341,53.016,61.993
eval,2021-09-08,Moonak,0.0,1.0,0.0,1,1,0,13.465,32.517,54.403,20.676,37.523,41.982
eval,2021-09-08,Sangrur,0.0,0.0,0.0,0,1,0,12.272,30.749,51.108,20.044,45.947,54.79
eval,2021-09-08,Sunam,0.0,0.0,0.0,0,0,0,13.537,32.785,54.531,14.909,31.713,40.011
eval,2021-09-15,Dhuri,0.0,0.0,0.0,0,0,0,4.902,13.593,19.147,11.029,24.386,27.586
eval,2021-09-15,Lehra,0.0,0.0,0.0,1,1,0,5.625,15.077,20.946,26.39,45.137,47.444
eval,2021-09-15,Malerkotla,0.0,0.0,0.0,0,0,0,5.529,15.037,21.039,10.927,21.923,24.188
eval,2021-09-15,Moonak,0.0,0.0,0.0,1,1,0,4.715,12.675,17.522,31.72,48.553,50.222
eval,2021-09-15,Sangrur,0.0,0.0,0.0,0,0,0,4.843,13.782,19.71,10.079,22.269,25.321
eval,2021-09-15,Sunam,0.0,0.0,0.0,0,0,0,4.737,13.111,18.687,14.41,30.359,32.669
eval,2021-09-22,Dhuri,0.0,0.0,0.0,0,0,0,7.932,13.595,26.949,18.288,18.813,20.36
eval,2021-09-22,Lehra,1.0,0.0,0.0,1,1,0,19.621,26.064,48.754,55.012,57.211,59.754
eval,2021-09-22,Malerkotla,0.0,0.0,0.0,0,0,0,6.222,11.976,22.702,16.903,17.376,18.449
eval,2021-09-22,Moonak,1.0,0.0,0.0,1,1,0,18.741,25.511,45.09,59.767,63.292,65.519
eval,2021-09-22,Sangrur,0.0,0.0,0.0,1,0,0,10.157,13.951,29.573,21.371,22.121,23.904
eval,2021-09-22,Sunam,0.0,0.0,0.0,1,1,0,16.059,21.799,42.894,37.047,38.203,40.095
eval,2021-09-29,Dhuri,0.0,0.0,0.0,0,0,0,7.741,21.807,26.688,10.047,13.845,20.035
eval,2021-09-29,Lehra,0.0,0.0,0.0,0,0,0,6.122,17.494,23.602,9.477,12.834,20.649
eval,2021-09-29,Malerkotla,0.0,0.0,0.0,0,0,0,8.335,23.249,27.597,7.704,10.939,16.574
eval,2021-09-29,Moonak,0.0,0.0,0.0,0,0,0,5.695,15.405,20.85,5.882,9.403,16.022
eval,2021-09-29,Sangrur,0.0,0.0,0.0,0,0,0,5.931,17.264,22.02,9.563,13.312,19.947
eval,2021-09-29,Sunam,0.0,0.0,0.0,0,0,0,5.211,15.137,20.134,9.541,12.151,18.448
eval,2022-06-01,Dhuri,0.0,0.0,0.0,0,0,0,0.0,0.0,0.0,0.0,0.0,0.0
eval,2022-06-01,Lehra,0.0,0.0,0.0,0,0,0,0.0,0.0,0.0,0.0,0.0,0.0
eval,2022-06-01,Malerkotla,0.0,0.0,0.0,0,0,0,0.0,0.0,0.0,0.0,0.0,0.0
eval,2022-06-01,Moonak,0.0,0.0,0.0,0,0,0,0.0,0.0,0.0,0.0,0.0,0.0
eval,2022-06-01,Sangrur,0.0,0.0,0.0,0,0,0,0.0,0.0,0.0,0.0,0.0,0.0
eval,2022-06-01,Sunam,0.0,0.0,0.0,0,0,0,0.0,0.0,0.0,0.0,0.0,0.0
eval,2022-06-08,Dhuri,0.0,0.0,0.0,0,0,0,0.552,0.874,1.009,0.009,0.019,0.03
eval,2022-06-08,Lehra,0.0,0.0,0.0,0,0,0,0.188,0.356,0.405,0.0,0.0,0.0
eval,2022-06-08,Malerkotla,0.0,0.0,0.0,0,0,0,0.613,0.945,1.076,0.032,0.062,0.094
eval,2022-06-08,Moonak,0.0,0.0,0.0,0,0,0,0.168,0.309,0.347,0.0,0.0,0.0
eval,2022-06-08,Sangrur,0.0,0.0,0.0,0,0,0,0.564,0.929,1.057,0.031,0.061,0.078
eval,2022-06-08,Sunam,0.0,0.0,0.0,0,0,0,0.351,0.624,0.706,0.043,0.087,0.127
eval,2022-06-15,Dhuri,0.0,0.0,0.0,0,0,0,11.574,25.109,33.783,0.0,0.0,0.0
eval,2022-06-15,Lehra,0.0,0.0,0.0,0,0,0,7.297,17.214,23.587,0.0,0.0,0.0
eval,2022-06-15,Malerkotla,0.0,0.0,0.0,0,0,0,11.792,24.775,33.481,0.0,0.0,0.0
eval,2022-06-15,Moonak,0.0,0.0,0.0,0,0,0,5.79,13.838,19.145,0.0,0.0,0.0
eval,2022-06-15,Sangrur,0.0,0.0,0.0,0,0,0,10.278,22.935,31.266,0.0,0.0,0.0
eval,2022-06-15,Sunam,0.0,0.0,0.0,0,0,0,9.122,20.601,27.947,0.0,0.0,0.0
eval,2022-06-22,Dhuri,0.0,0.0,0.0,0,0,0,3.131,3.152,3.152,0.422,1.015,1.015
eval,2022-06-22,Lehra,0.0,0.0,0.0,0,0,0,1.78,1.837,1.837,0.211,0.355,0.355
eval,2022-06-22,Malerkotla,0.0,0.0,0.0,0,0,0,3.535,3.579,3.579,0.806,1.872,1.873
eval,2022-06-22,Moonak,0.0,0.0,0.0,0,0,0,1.441,1.569,1.569,0.284,0.382,0.382
eval,2022-06-22,Sangrur,0.0,0.0,0.0,0,0,0,2.117,2.175,2.175,0.543,1.087,1.087
eval,2022-06-22,Sunam,0.0,0.0,0.0,0,0,0,1.703,1.749,1.749,0.26,0.566,0.566
eval,2022-06-29,Dhuri,0.0,0.0,0.0,1,1,1,17.71,26.371,51.111,42.207,51.386,80.844
eval,2022-06-29,Lehra,0.0,0.0,0.0,1,1,0,11.545,20.53,39.177,29.739,34.144,43.393
eval,2022-06-29,Malerkotla,0.0,0.0,0.0,1,1,1,17.249,27.652,51.221,45.824,53.705,92.131
eval,2022-06-29,Moonak,0.0,0.0,0.0,1,0,0,9.623,19.168,35.305,18.56,20.206,27.196
eval,2022-06-29,Sangrur,0.0,0.0,0.0,1,1,0,17.14,24.178,50.317,37.439,42.972,65.128
eval,2022-06-29,Sunam,0.0,0.0,0.0,1,1,0,13.518,21.272,42.214,34.938,39.885,54.926
eval,2022-07-06,Dhuri,0.0,1.0,0.0,0,0,0,18.216,40.508,54.682,14.864,23.294,47.507
eval,2022-07-06,Lehra,0.0,1.0,0.0,0,0,0,15.292,34.659,46.731,9.051,17.459,32.948
eval,2022-07-06,Malerkotla,0.0,1.0,0.0,0,0,0,18.695,41.267,57.263,14.208,24.086,47.029
eval,2022-07-06,Moonak,0.0,0.0,0.0,0,0,0,14.894,32.099,44.371,8.004,15.413,28.564
eval,2022-07-06,Sangrur,0.0,1.0,0.0,0,0,0,19.043,41.558,55.995,15.481,21.757,45.06
eval,2022-07-06,Sunam,0.0,1.0,0.0,0,0,0,17.596,39.105,52.46,12.177,20.607,40.098
eval,2022-07-13,Dhuri,0.0,0.0,0.0,1,1,0,9.92,16.996,31.948,23.881,36.893,70.604
eval,2022-07-13,Lehra,0.0,0.0,0.0,1,1,0,7.572,12.013,24.784,23.055,45.11,74.203
eval,2022-07-13,Malerkotla,0.0,0.0,0.0,1,1,0,10.576,17.143,32.975,32.088,36.185,75.84
eval,2022-07-13,Moonak,0.0,0.0,0.0,1,1,1,8.176,11.485,24.383,24.949,47.906,79.217
eval,2022-07-13,Sangrur,0.0,0.0,0.0,0,1,0,9.043,16.355,31.308,19.955,43.159,72.138
eval,2022-07-13,Sunam,0.0,0.0,0.0,0,1,0,7.974,13.886,27.189,19.881,43.622,72.699
eval,2022-07-20,Dhuri,1.0,1.0,1.0,0,0,0,27.788,45.827,85.314,9.472,17.751,33.824
eval,2022-07-20,Lehra,1.0,1.0,1.0,0,0,0,24.319,46.658,85.515,9.008,18.505,34.857
eval,2022-07-20,Malerkotla,1.0,1.0,1.0,0,0,0,27.459,44.76,82.926,12.558,19.395,38.507
eval,2022-07-20,Moonak,1.0,1.0,1.0,0,0,0,22.372,45.609,83.976,7.612,16.205,28.082
eval,2022-07-20,Sangrur,1.0,1.0,1.0,0,0,0,30.939,51.868,97.306,10.115,19.799,36.093
eval,2022-07-20,Sunam,1.0,1.0,1.0,0,0,0,28.34,50.231,93.435,9.584,17.997,33.353
eval,2022-07-27,Dhuri,1.0,1.0,1.0,1,1,1,25.967,60.793,97.797,27.382,70.574,95.983
eval,2022-07-27,Lehra,1.0,1.0,0.0,1,1,1,22.778,48.032,69.886,21.369,53.914,80.868
eval,2022-07-27,Malerkotla,1.0,1.0,1.0,1,1,1,24.982,63.481,102.697,29.158,70.43,93.601
eval,2022-07-27,Moonak,1.0,1.0,0.0,1,1,0,21.343,45.601,66.682,20.074,47.13,74.937
eval,2022-07-27,Sangrur,1.0,1.0,1.0,1,1,1,28.083,62.547,98.471,26.82,70.833,101.165
eval,2022-07-27,Sunam,1.0,1.0,1.0,1,1,1,27.38,58.274,88.253,21.61,58.661,85.357
eval,2022-08-03,Dhuri,0.0,0.0,0.0,1,0,0,6.701,17.394,24.763,21.627,34.032,36.094
eval,2022-08-03,Lehra,0.0,0.0,0.0,0,0,0,6.018,16.5,22.957,12.596,24.032,30.245
eval,2022-08-03,Malerkotla,0.0,0.0,0.0,0,0,0,6.864,17.504,25.714,20.592,33.375,35.669
eval,2022-08-03,Moonak,0.0,0.0,0.0,0,0,0,7.516,19.526,26.579,12.485,26.287,31.843
eval,2022-08-03,Sangrur,0.0,0.0,0.0,0,0,0,7.193,19.468,27.247,17.99,29.189,31.212
eval,2022-08-03,Sunam,0.0,0.0,0.0,0,0,0,7.16,19.267,26.655,14.889,26.381,30.898
eval,2022-08-10,Dhuri,0.0,0.0,0.0,0,0,0,6.274,15.038,27.216,4.913,6.301,12.489
eval,2022-08-10,Lehra,0.0,0.0,0.0,0,0,0,5.881,12.824,22.232,3.191,4.937,7.983
eval,2022-08-10,Malerkotla,0.0,0.0,0.0,0,0,0,7.405,16.965,29.402,6.738,7.631,16.567
eval,2022-08-10,Moonak,0.0,0.0,0.0,0,0,0,5.137,11.342,19.696,2.999,4.37,7.672
eval,2022-08-10,Sangrur,0.0,0.0,0.0,0,0,0,6.664,15.83,27.826,5.363,6.713,13.62
eval,2022-08-10,Sunam,0.0,0.0,0.0,0,0,0,6.315,14.451,24.881,4.407,6.905,12.141
eval,2022-08-17,Dhuri,0.0,0.0,0.0,0,0,0,5.846,12.102,21.646,0.766,1.756,2.853
eval,2022-08-17,Lehra,0.0,0.0,0.0,0,0,0,5.995,11.628,17.009,0.649,1.488,1.992
eval,2022-08-17,Malerkotla,0.0,0.0,0.0,0,0,0,4.926,11.75,22.875,2.07,4.59,6.572
eval,2022-08-17,Moonak,0.0,0.0,0.0,0,0,0,5.017,9.693,14.891,0.784,1.855,2.517
eval,2022-08-17,Sangrur,0.0,0.0,0.0,0,0,0,6.354,12.636,21.278,0.991,2.421,3.498
eval,2022-08-17,Sunam,0.0,0.0,0.0,0,0,0,6.391,12.303,19.412,1.051,2.762,3.739
eval,2022-08-24,Dhuri,0.0,0.0,0.0,0,0,0,13.293,16.419,30.779,0.963,1.901,3.967
eval,2022-08-24,Lehra,0.0,0.0,0.0,0,0,0,8.447,11.118,20.728,1.53,2.979,5.136
eval,2022-08-24,Malerkotla,0.0,0.0,0.0,0,0,0,12.274,15.613,30.877,1.394,2.12,4.455
eval,2022-08-24,Moonak,0.0,0.0,0.0,0,0,0,6.748,10.116,17.528,1.694,3.528,6.463
eval,2022-08-24,Sangrur,0.0,0.0,0.0,0,0,0,12.048,14.351,27.522,1.277,3.301,5.681
eval,2022-08-24,Sunam,0.0,0.0,0.0,0,0,0,10.434,12.111,23.694,1.499,3.18,5.667
eval,2022-08-31,Dhuri,0.0,0.0,0.0,0,0,0,1.353,3.136,3.839,1.838,4.261,6.023
eval,2022-08-31,Lehra,0.0,0.0,0.0,0,0,0,1.625,3.465,4.301,1.694,2.767,4.926
eval,2022-08-31,Malerkotla,0.0,0.0,0.0,0,0,0,1.533,3.5,4.333,1.741,4.018,6.142
eval,2022-08-31,Moonak,0.0,0.0,0.0,0,0,0,1.444,3.177,3.919,1.552,2.508,3.9
eval,2022-08-31,Sangrur,0.0,0.0,0.0,0,0,0,1.331,3.045,3.7,2.519,5.334,6.877
eval,2022-08-31,Sunam,0.0,0.0,0.0,0,0,0,1.435,3.186,3.848,1.727,3.95,5.209
eval,2022-09-07,Dhuri,0.0,0.0,0.0,0,0,0,5.337,8.194,8.602,10.603,14.149,18.47
eval,2022-09-07,Lehra,0.0,0.0,0.0,0,0,0,6.632,9.423,10.056,4.304,7.423,10.865
eval,2022-09-07,Malerkotla,0.0,0.0,0.0,0,0,0,4.374,7.168,7.552,8.528,11.306,14.758
eval,2022-09-07,Moonak,0.0,0.0,0.0,0,0,0,5.151,7.22,7.872,2.506,4.427,6.388
eval,2022-09-07,Sangrur,0.0,0.0,0.0,0,0,0,5.609,8.655,9.207,6.3,9.154,12.877
eval,2022-09-07,Sunam,0.0,0.0,0.0,0,0,0,5.974,8.82,9.387,4.471,7.948,11.262
eval,2022-09-14,Dhuri,0.0,0.0,0.0,0,0,0,8.581,16.568,18.67,5.19,11.0,16.558
eval,2022-09-14,Lehra,0.0,0.0,0.0,0,0,0,6.873,14.445,16.678,3.892,6.625,11.021
eval,2022-09-14,Malerkotla,0.0,0.0,0.0,0,0,0,9.707,17.255,19.501,4.456,8.993,13.345
eval,2022-09-14,Moonak,0.0,0.0,0.0,0,0,0,7.011,14.058,16.29,1.978,4.742,8.248
eval,2022-09-14,Sangrur,0.0,0.0,0.0,0,0,0,7.046,15.511,17.557,4.557,9.69,13.969
eval,2022-09-14,Sunam,0.0,0.0,0.0,0,0,0,6.038,12.984,14.832,3.546,6.988,10.85
eval,2022-09-21,Dhuri,0.0,0.0,0.0,1,1,0,14.673,32.24,42.158,51.658,60.867,65.216
eval,2022-09-21,Lehra,0.0,0.0,0.0,1,1,1,13.847,26.972,35.7,59.89,81.576,85.99
eval,2022-09-21,Malerkotla,0.0,0.0,0.0,1,1,0,13.939,31.505,41.18,40.348,47.042,50.787
eval,2022-09-21,Moonak,0.0,0.0,0.0,1,1,1,11.134,23.08,30.409,65.774,96.515,99.908
eval,2022-09-21,Sangrur,0.0,0.0,0.0,1,1,0,12.743,29.91,39.403,60.894,74.425,77.854
eval,2022-09-21,Sunam,0.0,0.0,0.0,1,1,1,13.143,29.089,38.097,63.203,82.698,86.109
eval,2022-09-28,Dhuri,0.0,0.0,0.0,0,0,0,2.724,2.777,2.777,4.219,7.991,8.184
eval,2022-09-28,Lehra,0.0,0.0,0.0,0,0,0,2.549,2.868,2.868,2.947,5.757,5.855
eval,2022-09-28,Malerkotla,0.0,0.0,0.0,0,0,0,2.752,2.772,2.772,4.35,7.939,7.996
eval,2022-09-28,Moonak,0.0,0.0,0.0,0,0,0,2.411,2.827,2.827,2.169,4.901,4.905
eval,2022-09-28,Sangrur,0.0,0.0,0.0,0,0,0,2.763,2.886,2.886,4.627,7.634,7.85
eval,2022-09-28,Sunam,0.0,0.0,0.0,0,0,0,2.441,2.647,2.647,3.365,6.058,6.167
eval,2023-06-07,Dhuri,0.0,0.0,0.0,0,0,0,7.561,12.392,16.207,2.359,3.524,3.567
eval,2023-06-07,Lehra,0.0,0.0,0.0,0,0,0,7.147,10.891,15.373,1.782,2.275,2.275
eval,2023-06-07,Malerkotla,0.0,0.0,0.0,0,0,0,8.307,13.79,17.338,1.133,1.998,2.178
eval,2023-06-07,Moonak,0.0,0.0,0.0,0,0,0,7.156,10.79,15.406,0.123,0.233,0.233
eval,2023-06-07,Sangrur,0.0,0.0,0.0,0,0,0,7.205,11.395,15.378,1.425,1.97,2.13
eval,2023-06-07,Sunam,0.0,0.0,0.0,0,0,0,7.252,11.254,15.592,2.578,3.234,3.504
eval,2023-06-14,Dhuri,0.0,0.0,0.0,0,0,0,3.539,6.529,12.032,0.088,0.088,0.096
eval,2023-06-14,Lehra,0.0,0.0,0.0,0,0,0,1.645,3.137,6.951,0.053,0.053,0.053
eval,2023-06-14,Malerkotla,0.0,0.0,0.0,0,0,0,5.65,10.573,18.588,0.134,0.134,0.176
eval,2023-06-14,Moonak,0.0,0.0,0.0,0,0,0,1.593,3.765,8.132,0.039,0.039,0.039
eval,2023-06-14,Sangrur,0.0,0.0,0.0,0,0,0,3.452,6.41,12.648,0.06,0.06,0.103
eval,2023-06-14,Sunam,0.0,0.0,0.0,0,0,0,2.363,4.419,9.358,0.104,0.104,0.176
eval,2023-06-21,Dhuri,0.0,0.0,0.0,0,0,0,4.196,9.466,11.544,5.801,13.493,17.002
eval,2023-06-21,Lehra,0.0,0.0,0.0,0,0,0,3.131,6.764,8.298,7.082,7.165,7.371
eval,2023-06-21,Malerkotla,0.0,0.0,0.0,0,0,0,4.293,10.28,12.549,6.884,17.937,23.439
eval,2023-06-21,Moonak,0.0,0.0,0.0,0,0,0,3.022,7.244,9.015,3.184,3.271,3.504
eval,2023-06-21,Sangrur,0.0,0.0,0.0,0,0,0,4.399,9.852,11.976,4.342,10.068,12.067
eval,2023-06-21,Sunam,0.0,0.0,0.0,0,0,0,4.206,9.406,11.578,7.831,9.67,10.558
eval,2023-06-28,Dhuri,0.0,0.0,0.0,0,0,0,2.045,6.006,10.075,14.686,16.435,21.04
eval,2023-06-28,Lehra,0.0,0.0,0.0,0,0,0,1.683,4.733,7.515,4.641,5.333,5.811
eval,2023-06-28,Malerkotla,0.0,0.0,0.0,0,0,0,2.125,5.543,9.508,15.732,17.702,22.952
eval,2023-06-28,Moonak,0.0,0.0,0.0,0,0,0,2.238,5.743,9.569,2.772,3.045,3.483
eval,2023-06-28,Sangrur,0.0,0.0,0.0,0,0,0,2.09,5.643,9.753,10.792,13.281,16.989
eval,2023-06-28,Sunam,0.0,0.0,0.0,0,0,0,1.723,4.541,7.789,6.339,7.64,9.388
eval,2023-07-05,Dhuri,1.0,1.0,0.0,1,1,1,22.274,52.464,66.651,41.269,85.442,101.259
eval,2023-07-05,Lehra,1.0,1.0,0.0,1,1,1,19.884,42.275,56.34,53.318,96.746,109.918
eval,2023-07-05,Malerkotla,1.0,1.0,0.0,1,1,1,24.139,56.792,71.104,38.806,89.192,103.948
eval,2023-07-05,Moonak,1.0,1.0,0.0,1,1,1,20.823,43.297,57.525,45.726,82.36,95.41
eval,2023-07-05,Sangrur,1.0,1.0,0.0,1,1,1,22.503,53.422,69.392,47.967,112.13,130.983
eval,2023-07-05,Sunam,1.0,1.0,0.0,1,1,1,21.623,48.951,64.66,54.058,112.264,128.905
eval,2023-07-12,Dhuri,0.0,0.0,0.0,0,0,0,15.212,25.459,38.45,12.425,32.691,58.924
eval,2023-07-12,Lehra,0.0,0.0,0.0,0,1,0,10.275,18.353,28.084,16.107,34.176,55.491
eval,2023-07-12,Malerkotla,0.0,0.0,0.0,0,1,0,15.194,26.21,40.451,13.765,39.046,62.521
eval,2023-07-12,Moonak,0.0,0.0,0.0,1,1,0,9.295,17.784,28.678,29.336,48.816,72.19
eval,2023-07-12,Sangrur,0.0,0.0,0.0,0,0,0,13.547,22.799,35.084,15.323,35.209,62.676
eval,2023-07-12,Sunam,0.0,0.0,0.0,0,1,0,11.783,20.155,31.056,17.441,38.867,63.973
eval,2023-07-19,Dhuri,1.0,1.0,1.0,0,1,0,29.044,63.529,88.238,17.591,35.189,45.848
eval,2023-07-19,Lehra,1.0,1.0,0.0,1,1,0,23.212,48.046,66.635,21.812,33.952,39.752
eval,2023-07-19,Malerkotla,1.0,1.0,1.0,0,0,0,27.804,64.319,91.347,17.145,33.564,47.812
eval,2023-07-19,Moonak,1.0,1.0,0.0,1,1,0,23.098,49.884,69.039,24.742,37.18,44.77
eval,2023-07-19,Sangrur,1.0,1.0,1.0,0,0,0,32.752,67.229,92.915,19.775,37.385,45.452
eval,2023-07-19,Sunam,1.0,1.0,1.0,1,1,0,28.821,58.95,81.461,23.319,35.815,41.384
eval,2023-07-26,Dhuri,0.0,0.0,0.0,1,1,0,13.347,30.149,43.428,33.092,48.662,70.227
eval,2023-07-26,Lehra,0.0,0.0,0.0,0,0,0,11.793,25.626,35.47,7.493,13.001,19.316
eval,2023-07-26,Malerkotla,0.0,0.0,0.0,1,1,0,12.283,29.141,43.315,27.226,45.099,64.569
eval,2023-07-26,Moonak,0.0,0.0,0.0,0,0,0,11.855,25.215,35.268,6.932,11.813,21.71
eval,2023-07-26,Sangrur,0.0,0.0,0.0,0,0,0,14.069,31.022,43.839,14.182,19.888,33.327
eval,2023-07-26,Sunam,0.0,0.0,0.0,0,0,0,12.963,28.108,39.352,7.502,9.149,19.426
eval,2023-08-02,Dhuri,0.0,0.0,0.0,0,0,0,4.788,13.022,21.351,8.912,14.722,14.801
eval,2023-08-02,Lehra,0.0,0.0,0.0,0,0,0,2.67,7.461,12.002,1.773,3.206,3.296
eval,2023-08-02,Malerkotla,0.0,0.0,0.0,0,0,0,6.435,16.96,26.811,5.161,10.563,10.619
eval,2023-08-02,Moonak,0.0,0.0,0.0,0,0,0,3.426,9.48,14.925,4.11,7.418,9.794
eval,2023-08-02,Sangrur,0.0,0.0,0.0,0,0,0,4.894,13.124,21.49,9.978,16.024,16.508
eval,2023-08-02,Sunam,0.0,0.0,0.0,0,0,0,3.822,10.489,16.998,5.247,9.246,9.523
eval,2023-08-09,Dhuri,0.0,0.0,0.0,0,0,0,2.82,4.836,5.436,1.356,1.356,1.397
eval,2023-08-09,Lehra,0.0,0.0,0.0,0,0,0,1.227,2.058,2.444,0.941,1.213,1.307
eval,2023-08-09,Malerkotla,0.0,0.0,0.0,0,0,0,3.272,5.85,6.602,1.82,1.827,1.869
eval,2023-08-09,Moonak,0.0,0.0,0.0,0,0,0,1.159,2.053,2.418,1.813,3.716,4.976
eval,2023-08-09,Sangrur,0.0,0.0,0.0,0,0,0,3.002,4.923,5.624,1.35,1.432,1.706
eval,2023-08-09,Sunam,0.0,0.0,0.0,0,0,0,2.002,3.259,3.778,1.236,1.528,1.749
eval,2023-08-16,Dhuri,0.0,0.0,0.0,1,1,0,0.416,0.812,1.406,22.454,35.35,50.323
eval,2023-08-16,Lehra,0.0,0.0,0.0,1,1,0,0.218,0.353,0.543,23.979,46.936,63.23
eval,2023-08-16,Malerkotla,0.0,0.0,0.0,1,1,0,0.656,1.079,2.096,20.748,39.838,56.64
eval,2023-08-16,Moonak,0.0,0.0,0.0,1,1,0,0.285,0.474,0.688,18.178,39.843,56.824
eval,2023-08-16,Sangrur,0.0,0.0,0.0,1,1,0,0.511,1.0,1.579,27.43,41.922,56.663
eval,2023-08-16,Sunam,0.0,0.0,0.0,1,1,0,0.439,0.745,1.099,27.658,47.176,63.55
eval,2023-08-23,Dhuri,0.0,0.0,0.0,0,0,0,2.45,3.428,5.649,12.53,21.099,23.441
eval,2023-08-23,Lehra,0.0,0.0,0.0,0,0,0,1.253,2.178,3.281,3.086,5.968,9.524
eval,2023-08-23,Malerkotla,0.0,0.0,0.0,0,0,0,3.05,4.398,6.811,19.036,32.032,33.914
eval,2023-08-23,Moonak,0.0,0.0,0.0,0,0,0,1.489,2.423,3.579,2.287,3.701,5.905
eval,2023-08-23,Sangrur,0.0,0.0,0.0,0,0,0,2.041,2.968,5.252,6.292,13.902,17.67
eval,2023-08-23,Sunam,0.0,0.0,0.0,0,0,0,1.539,2.482,4.112,3.887,9.65,14.119
eval,2023-08-30,Dhuri,0.0,0.0,0.0,0,0,0,0.182,0.281,0.281,5.084,5.136,5.476
eval,2023-08-30,Lehra,0.0,0.0,0.0,0,0,0,0.205,0.223,0.223,3.162,3.217,3.261
eval,2023-08-30,Malerkotla,0.0,0.0,0.0,0,0,0,0.193,0.444,0.444,3.961,3.995,5.128
eval,2023-08-30,Moonak,0.0,0.0,0.0,0,0,0,0.195,0.309,0.309,2.278,2.43,2.449
eval,2023-08-30,Sangrur,0.0,0.0,0.0,0,0,0,0.192,0.218,0.218,4.266,4.406,4.79
eval,2023-08-30,Sunam,0.0,0.0,0.0,0,0,0,0.176,0.181,0.181,3.643,3.708,3.795
eval,2023-09-06,Dhuri,0.0,0.0,0.0,0,0,0,0.761,1.333,1.798,5.01,8.325,12.15
eval,2023-09-06,Lehra,0.0,0.0,0.0,0,0,0,1.092,1.61,1.688,2.772,6.799,8.315
eval,2023-09-06,Malerkotla,0.0,0.0,0.0,0,0,0,0.699,1.575,2.166,3.554,7.305,11.764
eval,2023-09-06,Moonak,0.0,0.0,0.0,0,0,0,1.278,2.069,2.148,2.542,5.518,6.297
eval,2023-09-06,Sangrur,0.0,0.0,0.0,0,0,0,0.581,0.963,1.569,4.359,7.149,9.937
eval,2023-09-06,Sunam,0.0,0.0,0.0,0,0,0,0.692,0.969,1.274,3.211,6.133,7.969
eval,2023-09-13,Dhuri,0.0,0.0,0.0,1,1,0,5.698,12.725,20.643,26.417,59.326,79.256
eval,2023-09-13,Lehra,0.0,0.0,0.0,1,1,1,3.709,8.508,13.451,26.212,55.103,91.882
eval,2023-09-13,Malerkotla,0.0,0.0,0.0,1,1,0,5.118,12.439,21.035,23.208,51.823,69.046
eval,2023-09-13,Moonak,0.0,0.0,0.0,1,1,1,3.0,7.017,11.212,28.601,62.058,77.404
eval,2023-09-13,Sangrur,0.0,0.0,0.0,0,1,1,4.628,10.617,17.235,21.082,53.156,87.425
eval,2023-09-13,Sunam,0.0,0.0,0.0,1,1,1,3.507,7.989,12.817,24.106,51.34,90.605
eval,2023-09-20,Dhuri,0.0,0.0,0.0,1,1,0,8.337,14.748,16.085,21.946,45.749,52.106
eval,2023-09-20,Lehra,0.0,0.0,0.0,0,0,0,10.121,16.831,18.761,14.343,25.506,32.416
eval,2023-09-20,Malerkotla,0.0,0.0,0.0,1,1,0,7.563,13.768,14.782,26.823,50.656,55.874
eval,2023-09-20,Moonak,0.0,0.0,0.0,0,0,0,7.933,13.065,14.849,12.298,20.835,25.702
eval,2023-09-20,Sangrur,0.0,0.0,0.0,0,0,0,8.193,13.878,15.313,14.861,28.113,33.507
eval,2023-09-20,Sunam,0.0,0.0,0.0,0,0,0,8.31,13.86,15.367,14.774,25.255,31.024
eval,2023-09-27,Dhuri,0.0,0.0,0.0,0,0,0,0.0,0.0,0.0,1.247,3.742,5.32
eval,2023-09-27,Lehra,0.0,0.0,0.0,0,0,0,0.0,0.0,0.0,0.529,1.587,2.115
eval,2023-09-27,Malerkotla,0.0,0.0,0.0,0,0,0,0.0,0.0,0.0,1.181,3.542,4.785
eval,2023-09-27,Moonak,0.0,0.0,0.0,0,0,0,0.0,0.0,0.0,0.396,1.187,1.735
eval,2023-09-27,Sangrur,0.0,0.0,0.0,0,0,0,0.0,0.0,0.0,0.801,2.404,4.139
eval,2023-09-27,Sunam,0.0,0.0,0.0,0,0,0,0.0,0.0,0.0,0.428,1.284,2.309
eval,2024-06-05,Dhuri,0.0,0.0,0.0,0,0,0,0.002,0.003,0.003,0.0,0.0,0.0
eval,2024-06-05,Lehra,0.0,0.0,0.0,0,0,0,0.0,0.0,0.0,0.0,0.0,0.0
eval,2024-06-05,Malerkotla,0.0,0.0,0.0,0,0,0,0.012,0.014,0.014,0.0,0.0,0.0
eval,2024-06-05,Moonak,0.0,0.0,0.0,0,0,0,0.0,0.0,0.0,0.0,0.0,0.0
eval,2024-06-05,Sangrur,0.0,0.0,0.0,0,0,0,0.001,0.002,0.002,0.0,0.0,0.0
eval,2024-06-05,Sunam,0.0,0.0,0.0,0,0,0,0.0,0.0,0.0,0.0,0.0,0.0
eval,2024-06-12,Dhuri,0.0,0.0,0.0,0,0,0,0.296,0.321,0.342,0.018,0.018,0.018
eval,2024-06-12,Lehra,0.0,0.0,0.0,0,0,0,0.111,0.125,0.133,0.0,0.0,0.0
eval,2024-06-12,Malerkotla,0.0,0.0,0.0,0,0,0,0.218,0.235,0.252,0.047,0.047,0.047
eval,2024-06-12,Moonak,0.0,0.0,0.0,0,0,0,0.045,0.047,0.048,0.0,0.0,0.0
eval,2024-06-12,Sangrur,0.0,0.0,0.0,0,0,0,0.301,0.327,0.343,0.079,0.08,0.08
eval,2024-06-12,Sunam,0.0,0.0,0.0,0,0,0,0.269,0.297,0.315,0.143,0.145,0.145
eval,2024-06-19,Dhuri,0.0,0.0,0.0,0,0,0,3.446,3.702,4.614,0.117,0.117,0.117
eval,2024-06-19,Lehra,0.0,0.0,0.0,0,0,0,1.746,1.884,2.661,0.044,0.045,0.057
eval,2024-06-19,Malerkotla,0.0,0.0,0.0,0,0,0,4.073,4.394,5.332,0.76,0.76,0.76
eval,2024-06-19,Moonak,0.0,0.0,0.0,0,0,0,1.552,1.646,2.418,0.403,0.42,0.636
eval,2024-06-19,Sangrur,0.0,0.0,0.0,0,0,0,2.587,2.81,3.866,0.037,0.037,0.037
eval,2024-06-19,Sunam,0.0,0.0,0.0,0,0,0,2.223,2.399,3.416,0.032,0.033,0.039
eval,2024-06-26,Dhuri,0.0,0.0,0.0,1,1,0,5.699,13.027,23.894,20.614,46.79,47.795
eval,2024-06-26,Lehra,0.0,0.0,0.0,1,1,0,5.982,12.137,24.453,23.857,39.967,41.409
eval,2024-06-26,Malerkotla,0.0,0.0,0.0,1,1,0,6.176,14.726,25.222,23.352,44.169,49.304
eval,2024-06-26,Moonak,0.0,0.0,0.0,1,1,0,7.348,12.823,27.153,27.182,49.097,58.923
eval,2024-06-26,Sangrur,0.0,0.0,0.0,0,1,0,6.063,14.086,28.829,19.765,46.501,46.914
eval,2024-06-26,Sunam,0.0,0.0,0.0,1,1,0,6.584,13.266,27.927,21.736,42.937,43.8
eval,2024-07-03,Dhuri,1.0,1.0,1.0,1,1,0,30.391,71.64,94.535,31.872,51.085,58.189
eval,2024-07-03,Lehra,1.0,1.0,0.0,1,1,0,18.922,46.481,63.41,20.104,39.505,43.782
eval,2024-07-03,Malerkotla,1.0,1.0,1.0,1,1,0,30.898,76.326,98.925,33.281,46.083,55.244
eval,2024-07-03,Moonak,1.0,1.0,0.0,0,0,0,17.826,45.439,62.928,15.499,29.496,33.734
eval,2024-07-03,Sangrur,1.0,1.0,1.0,1,1,0,26.768,64.602,86.512,24.156,46.172,52.584
eval,2024-07-03,Sunam,1.0,1.0,0.0,0,1,0,22.17,53.804,72.978,19.621,43.026,48.034
eval,2024-07-10,Dhuri,0.0,0.0,0.0,0,0,0,6.217,11.205,12.798,8.469,11.429,15.436
eval,2024-07-10,Lehra,0.0,0.0,0.0,0,0,0,5.116,8.909,10.309,6.315,8.562,13.289
eval,2024-07-10,Malerkotla,0.0,0.0,0.0,0,0,0,6.442,11.478,13.224,7.285,9.376,12.837
eval,2024-07-10,Moonak,0.0,0.0,0.0,0,0,0,4.893,8.418,9.908,5.984,8.847,17.472
eval,2024-07-10,Sangrur,0.0,0.0,0.0,0,0,0,5.908,10.607,12.346,7.443,10.813,16.032
eval,2024-07-10,Sunam,0.0,0.0,0.0,0,0,0,5.544,9.891,11.523,6.699,9.475,14.738
eval,2024-07-17,Dhuri,0.0,0.0,0.0,0,0,0,5.518,13.116,19.356,5.328,10.727,14.682
eval,2024-07-17,Lehra,0.0,0.0,0.0,0,0,0,4.751,10.548,19.454,2.375,6.705,11.46
eval,2024-07-17,Malerkotla,0.0,0.0,0.0,0,0,0,5.76,14.318,19.961,6.263,12.347,16.174
eval,2024-07-17,Moonak,0.0,0.0,0.0,0,0,0,4.403,11.404,20.782,5.529,14.56,20.912
eval,2024-07-17,Sangrur,0.0,0.0,0.0,0,0,0,5.652,13.624,20.732,5.064,9.535,11.99
eval,2024-07-17,Sunam,0.0,0.0,0.0,0,0,0,5.587,12.986,21.875,2.908,7.163,9.809
eval,2024-07-24,Dhuri,1.0,1.0,0.0,1,1,0,23.263,45.792,64.186,21.238,37.685,44.883
eval,2024-07-24,Lehra,1.0,1.0,0.0,0,0,0,22.64,42.695,56.821,13.619,22.067,26.891
eval,2024-07-24,Malerkotla,0.0,1.0,0.0,1,1,0,19.598,42.853,62.149,26.903,53.659,61.03
eval,2024-07-24,Moonak,1.0,1.0,0.0,0,0,0,19.841,40.476,55.481,13.746,22.422,28.277
eval,2024-07-24,Sangrur,1.0,1.0,0.0,1,0,0,24.87,46.858,64.977,21.799,35.314,39.321
eval,2024-07-24,Sunam,1.0,1.0,0.0,0,0,0,24.337,45.158,61.224,16.917,26.476,29.819
eval,2024-07-31,Dhuri,1.0,1.0,1.0,1,1,0,43.751,69.885,105.889,19.322,41.084,49.518
eval,2024-07-31,Lehra,1.0,1.0,1.0,1,1,0,48.785,71.114,113.377,26.767,47.48,53.562
eval,2024-07-31,Malerkotla,1.0,1.0,1.0,0,0,0,39.018,65.555,98.842,16.447,33.867,42.959
eval,2024-07-31,Moonak,1.0,1.0,1.0,1,1,0,51.822,72.944,114.917,25.403,39.067,45.102
eval,2024-07-31,Sangrur,1.0,1.0,1.0,0,1,0,47.247,74.001,114.959,20.492,47.314,55.79
eval,2024-07-31,Sunam,1.0,1.0,1.0,0,1,0,49.032,74.117,116.382,19.875,46.695,54.975
eval,2024-08-07,Dhuri,0.0,1.0,0.0,1,0,0,15.334,38.473,75.009,22.175,34.98,49.435
eval,2024-08-07,Lehra,1.0,1.0,1.0,0,0,0,19.314,45.856,82.025,10.325,16.522,22.732
eval,2024-08-07,Malerkotla,0.0,1.0,0.0,0,1,0,14.934,37.525,78.444,20.603,37.784,53.803
eval,2024-08-07,Moonak,1.0,1.0,1.0,0,0,0,18.578,44.928,82.456,6.906,13.94,23.285
eval,2024-08-07,Sangrur,0.0,1.0,1.0,1,0,0,19.304,48.692,93.487,25.307,36.508,50.479
eval,2024-08-07,Sunam,0.0,1.0,1.0,1,0,0,19.118,49.534,90.524,20.673,30.979,42.464
eval,2024-08-14,Dhuri,0.0,0.0,0.0,1,1,0,11.005,30.652,63.207,22.606,38.937,65.548
eval,2024-08-14,Lehra,0.0,1.0,0.0,0,1,0,12.435,34.933,68.207,15.344,32.6,62.415
eval,2024-08-14,Malerkotla,0.0,0.0,0.0,0,1,0,12.076,34.003,68.869,19.614,36.812,71.126
eval,2024-08-14,Moonak,0.0,1.0,0.0,0,0,0,14.231,39.264,74.194,12.922,28.214,51.765
eval,2024-08-14,Sangrur,0.0,0.0,0.0,1,1,0,12.551,35.634,71.521,27.249,46.135,71.559
eval,2024-08-14,Sunam,0.0,1.0,0.0,1,1,0,13.491,39.006,75.791,23.243,41.489,72.956
eval,2024-08-21,Dhuri,0.0,0.0,0.0,1,1,0,14.584,32.193,46.622,26.394,53.926,56.529
eval,2024-08-21,Lehra,0.0,0.0,0.0,1,1,0,14.582,31.475,42.902,30.212,64.229,65.397
eval,2024-08-21,Malerkotla,0.0,0.0,0.0,1,1,0,12.661,28.613,43.053,28.898,52.08,56.156
eval,2024-08-21,Moonak,0.0,0.0,0.0,1,1,0,14.276,31.934,43.385,26.981,71.165,73.053
eval,2024-08-21,Sangrur,0.0,0.0,0.0,1,1,0,15.837,34.873,49.654,26.147,55.067,58.692
eval,2024-08-21,Sunam,0.0,0.0,0.0,1,1,0,15.757,34.359,48.235,26.056,57.954,59.556
eval,2024-08-28,Dhuri,0.0,0.0,0.0,1,1,0,14.264,19.015,38.033,26.8,39.606,78.129
eval,2024-08-28,Lehra,0.0,0.0,0.0,1,1,0,13.653,17.839,34.596,21.205,40.656,71.71
eval,2024-08-28,Malerkotla,0.0,0.0,0.0,1,0,0,12.639,18.105,35.871,23.214,32.121,67.192
eval,2024-08-28,Moonak,0.0,0.0,0.0,1,1,0,10.856,15.719,28.889,19.11,43.676,65.832
eval,2024-08-28,Sangrur,0.0,0.0,0.0,1,1,0,14.484,18.26,36.604,30.111,40.549,81.563
eval,2024-08-28,Sunam,0.0,0.0,0.0,1,1,0,14.13,17.236,34.884,23.564,40.272,74.497
eval,2024-09-04,Dhuri,0.0,0.0,0.0,0,0,0,4.638,12.264,13.952,3.135,7.46,13.726
eval,2024-09-04,Lehra,0.0,0.0,0.0,0,0,0,5.143,13.49,15.488,3.404,9.39,14.451
eval,2024-09-04,Malerkotla,0.0,0.0,0.0,0,0,0,5.166,13.654,15.341,3.24,6.248,11.834
eval,2024-09-04,Moonak,0.0,0.0,0.0,0,0,0,4.632,13.602,15.98,6.2,14.843,20.774
eval,2024-09-04,Sangrur,0.0,0.0,0.0,0,0,0,5.0,13.019,15.241,4.058,8.753,13.902
eval,2024-09-04,Sunam,0.0,0.0,0.0,0,0,0,4.74,12.05,13.989,3.329,8.831,13.862
eval,2024-09-11,Dhuri,0.0,0.0,0.0,0,0,0,5.563,10.063,14.916,1.942,3.364,4.627
eval,2024-09-11,Lehra,0.0,0.0,0.0,0,0,0,6.457,12.444,17.029,1.914,3.517,4.702
eval,2024-09-11,Malerkotla,0.0,0.0,0.0,0,0,0,5.005,9.961,14.591,1.263,2.648,4.321
eval,2024-09-11,Moonak,0.0,0.0,0.0,0,0,0,5.835,12.028,15.669,1.446,2.664,4.019
eval,2024-09-11,Sangrur,0.0,0.0,0.0,0,0,0,6.881,13.22,17.565,1.968,2.892,4.106
eval,2024-09-11,Sunam,0.0,0.0,0.0,0,0,0,6.066,11.792,15.565,1.346,2.449,3.484
eval,2024-09-18,Dhuri,0.0,0.0,0.0,0,0,0,1.437,1.437,1.437,4.476,4.476,8.66
eval,2024-09-18,Lehra,0.0,0.0,0.0,0,0,0,2.662,2.679,2.726,3.819,3.82,7.324
eval,2024-09-18,Malerkotla,0.0,0.0,0.0,0,0,0,1.059,1.059,1.062,4.176,4.176,7.869
eval,2024-09-18,Moonak,0.0,0.0,0.0,0,0,0,2.163,2.261,2.384,2.495,2.495,4.987
eval,2024-09-18,Sangrur,0.0,0.0,0.0,0,0,0,1.523,1.523,1.543,3.597,3.598,6.888
eval,2024-09-18,Sunam,0.0,0.0,0.0,0,0,0,2.324,2.327,2.397,3.051,3.051,6.088
eval,2024-09-25,Dhuri,0.0,0.0,0.0,0,0,0,2.461,5.242,5.444,5.381,7.579,8.698
eval,2024-09-25,Lehra,0.0,0.0,0.0,0,0,0,2.861,4.127,4.127,2.551,3.355,4.262
eval,2024-09-25,Malerkotla,0.0,0.0,0.0,0,0,0,2.526,5.941,6.21,5.071,7.099,8.253
eval,2024-09-25,Moonak,0.0,0.0,0.0,0,0,0,3.372,4.198,4.198,2.105,2.623,3.304
eval,2024-09-25,Sangrur,0.0,0.0,0.0,0,0,0,2.627,4.707,4.754,2.848,3.845,4.548
eval,2024-09-25,Sunam,0.0,0.0,0.0,0,0,0,2.589,4.086,4.098,2.196,2.886,3.676
eval,2025-06-04,Dhuri,0.0,0.0,0.0,0,0,0,0.001,0.001,0.001,0.0,0.0,0.0
eval,2025-06-04,Lehra,0.0,0.0,0.0,0,0,0,0.0,0.0,0.0,0.0,0.0,0.0
eval,2025-06-04,Malerkotla,0.0,0.0,0.0,0,0,0,0.003,0.003,0.003,0.0,0.0,0.0
eval,2025-06-04,Moonak,0.0,0.0,0.0,0,0,0,0.0,0.0,0.0,0.0,0.0,0.0
eval,2025-06-04,Sangrur,0.0,0.0,0.0,0,0,0,0.0,0.0,0.0,0.0,0.0,0.0
eval,2025-06-04,Sunam,0.0,0.0,0.0,0,0,0,0.002,0.002,0.002,0.0,0.0,0.0
eval,2025-06-11,Dhuri,0.0,0.0,0.0,0,0,0,0.394,0.475,0.475,4.239,5.742,5.801
eval,2025-06-11,Lehra,0.0,0.0,0.0,0,0,0,0.393,0.458,0.459,9.208,11.373,11.397
eval,2025-06-11,Malerkotla,0.0,0.0,0.0,0,0,0,0.273,0.369,0.369,2.517,3.456,3.57
eval,2025-06-11,Moonak,0.0,0.0,0.0,0,0,0,0.309,0.366,0.366,4.966,12.987,17.953
eval,2025-06-11,Sangrur,0.0,0.0,0.0,0,0,0,0.509,0.622,0.622,5.54,7.46,7.638
eval,2025-06-11,Sunam,0.0,0.0,0.0,0,0,0,0.497,0.595,0.595,8.648,10.508,10.671
eval,2025-06-18,Dhuri,0.0,0.0,0.0,1,1,1,8.438,18.019,31.025,38.374,70.596,84.053
eval,2025-06-18,Lehra,0.0,0.0,0.0,1,1,0,6.232,14.511,23.896,40.251,56.348,60.421
eval,2025-06-18,Malerkotla,0.0,0.0,0.0,1,1,0,8.992,19.609,35.747,31.689,63.206,76.625
eval,2025-06-18,Moonak,0.0,0.0,0.0,1,1,0,6.461,14.505,25.1,31.105,42.702,46.459
eval,2025-06-18,Sangrur,0.0,0.0,0.0,1,1,0,8.059,18.504,32.052,39.549,71.458,82.921
eval,2025-06-18,Sunam,0.0,0.0,0.0,1,1,0,7.207,16.453,27.887,42.476,64.817,71.678
eval,2025-06-25,Dhuri,1.0,1.0,0.0,1,1,0,20.409,42.788,78.657,24.237,44.559,65.118
eval,2025-06-25,Lehra,0.0,1.0,0.0,0,1,0,18.238,38.293,64.536,14.594,34.184,40.24
eval,2025-06-25,Malerkotla,0.0,1.0,1.0,1,1,0,20.071,45.967,87.193,32.484,51.814,75.978
eval,2025-06-25,Moonak,1.0,1.0,0.0,0,1,0,20.276,43.021,67.24,14.115,34.841,39.059
eval,2025-06-25,Sangrur,1.0,1.0,0.0,1,1,0,22.357,46.606,80.865,23.73,44.073,59.137
eval,2025-06-25,Sunam,1.0,1.0,0.0,0,1,0,21.231,43.866,74.26,17.416,38.239,45.746
eval,2025-07-02,Dhuri,1.0,1.0,0.0,1,0,0,21.352,55.086,71.452,19.637,30.471,48.254
eval,2025-07-02,Lehra,0.0,1.0,0.0,0,0,0,14.93,39.465,55.174,15.378,24.307,35.03
eval,2025-07-02,Malerkotla,1.0,1.0,0.0,1,0,0,21.983,56.799,74.038,20.699,33.294,55.593
eval,2025-07-02,Moonak,0.0,1.0,0.0,0,0,0,15.125,38.688,56.406,14.039,23.47,33.778
eval,2025-07-02,Sangrur,0.0,1.0,0.0,0,0,0,20.47,53.549,72.508,14.108,26.916,45.185
eval,2025-07-02,Sunam,0.0,1.0,0.0,0,0,0,17.315,46.11,64.282,15.358,24.448,37.767
eval,2025-07-09,Dhuri,0.0,0.0,0.0,0,1,0,7.703,19.051,33.752,15.976,38.521,63.236
eval,2025-07-09,Lehra,0.0,0.0,0.0,0,0,0,5.774,15.687,25.443,17.949,27.482,55.581
eval,2025-07-09,Malerkotla,0.0,0.0,0.0,0,1,0,11.311,21.201,41.089,15.656,38.485,61.069
eval,2025-07-09,Moonak,0.0,0.0,0.0,0,0,0,6.532,17.655,28.411,12.391,22.221,42.671
eval,2025-07-09,Sangrur,0.0,0.0,0.0,0,0,0,8.713,21.546,36.683,15.028,35.386,63.214
eval,2025-07-09,Sunam,0.0,0.0,0.0,0,0,0,7.205,18.489,30.64,19.03,31.485,61.535
eval,2025-07-16,Dhuri,0.0,0.0,0.0,0,1,0,14.292,33.177,51.16,17.189,38.58,43.984
eval,2025-07-16,Lehra,0.0,0.0,0.0,0,0,0,12.673,27.601,43.026,9.548,20.943,27.597
eval,2025-07-16,Malerkotla,0.0,1.0,0.0,1,1,0,16.356,37.838,56.1,23.507,48.543,53.8
eval,2025-07-16,Moonak,0.0,0.0,0.0,0,0,0,12.923,27.511,42.665,7.323,14.41,17.846
eval,2025-07-16,Sangrur,0.0,0.0,0.0,0,0,0,15.59,35.166,53.447,18.942,37.715,44.926
eval,2025-07-16,Sunam,0.0,0.0,0.0,0,0,0,14.242,32.046,49.329,15.723,32.047,39.07
eval,2025-07-23,Dhuri,0.0,0.0,0.0,0,0,0,4.35,12.713,18.888,14.773,19.642,24.687
eval,2025-07-23,Lehra,0.0,0.0,0.0,0,0,0,3.509,9.684,12.588,13.427,19.69,22.349
eval,2025-07-23,Malerkotla,0.0,0.0,0.0,1,0,0,4.646,13.871,20.808,21.271,29.083,37.277
eval,2025-07-23,Moonak,0.0,0.0,0.0,0,0,0,3.781,10.545,13.917,15.018,23.156,25.65
eval,2025-07-23,Sangrur,0.0,0.0,0.0,0,0,0,4.708,13.314,19.223,14.463,18.522,21.999
eval,2025-07-23,Sunam,0.0,0.0,0.0,0,0,0,4.108,11.377,15.551,14.702,19.253,22.203
eval,2025-07-30,Dhuri,0.0,0.0,0.0,1,1,0,9.754,22.347,40.936,26.273,40.42,46.082
eval,2025-07-30,Lehra,0.0,0.0,0.0,1,1,0,11.141,19.706,34.057,30.146,39.878,46.758
eval,2025-07-30,Malerkotla,0.0,0.0,0.0,1,1,0,9.007,24.012,45.768,30.913,43.234,49.236
eval,2025-07-30,Moonak,0.0,0.0,0.0,1,1,0,10.934,19.51,34.187,27.995,36.802,48.479
eval,2025-07-30,Sangrur,0.0,0.0,0.0,1,1,0,11.102,23.737,43.001,28.094,50.279,60.569
eval,2025-07-30,Sunam,0.0,0.0,0.0,1,1,0,11.176,21.476,38.409,27.101,43.036,53.853
eval,2025-08-06,Dhuri,0.0,0.0,0.0,1,1,0,8.524,13.186,16.755,31.765,51.868,54.161
eval,2025-08-06,Lehra,0.0,0.0,0.0,1,1,0,6.867,9.268,11.977,24.486,39.571,47.244
eval,2025-08-06,Malerkotla,0.0,0.0,0.0,1,1,0,8.893,14.702,19.171,32.508,57.133,61.224
eval,2025-08-06,Moonak,0.0,0.0,0.0,1,1,0,7.542,10.749,13.967,23.009,44.438,55.471
eval,2025-08-06,Sangrur,0.0,0.0,0.0,1,1,0,9.094,13.407,17.148,30.028,49.936,53.466
eval,2025-08-06,Sunam,0.0,0.0,0.0,1,1,0,8.503,11.955,15.399,24.697,41.672,47.37
eval,2025-08-13,Dhuri,0.0,0.0,0.0,0,0,0,10.434,25.486,49.211,12.669,16.039,27.36
eval,2025-08-13,Lehra,0.0,0.0,0.0,0,0,0,11.08,27.001,48.698,9.568,12.122,27.656
eval,2025-08-13,Malerkotla,0.0,0.0,0.0,0,0,0,10.755,26.048,50.394,13.749,17.207,31.306
eval,2025-08-13,Moonak,0.0,0.0,0.0,0,0,0,11.337,26.94,47.554,9.423,16.627,34.68
eval,2025-08-13,Sangrur,0.0,0.0,0.0,0,0,0,11.336,28.422,54.494,11.104,15.024,29.008
eval,2025-08-13,Sunam,0.0,0.0,0.0,0,0,0,11.597,28.762,53.108,8.89,12.459,28.458
eval,2025-08-20,Dhuri,1.0,1.0,1.0,1,1,1,24.928,64.784,93.832,52.632,112.386,138.133
eval,2025-08-20,Lehra,1.0,1.0,1.0,1,1,1,26.402,60.288,92.151,47.411,100.939,124.672
eval,2025-08-20,Malerkotla,1.0,1.0,1.0,1,1,1,26.45,67.481,96.264,48.322,107.431,136.969
eval,2025-08-20,Moonak,1.0,1.0,1.0,1,1,1,26.896,58.967,91.665,34.127,80.052,100.696
eval,2025-08-20,Sangrur,1.0,1.0,1.0,1,1,1,25.002,63.475,93.096,51.683,110.888,139.2
eval,2025-08-20,Sunam,1.0,1.0,1.0,1,1,1,24.135,59.101,88.715,48.064,108.617,135.19
eval,2025-08-27,Dhuri,0.0,1.0,0.0,1,1,1,17.37,44.958,68.999,69.933,131.132,160.602
eval,2025-08-27,Lehra,1.0,1.0,1.0,1,1,1,19.876,56.829,82.95,82.159,139.734,176.734
eval,2025-08-27,Malerkotla,0.0,1.0,0.0,1,1,1,17.735,43.624,68.606,70.223,131.035,170.853
eval,2025-08-27,Moonak,1.0,1.0,1.0,1,1,1,24.34,67.772,97.787,74.046,114.897,155.712
eval,2025-08-27,Sangrur,0.0,1.0,0.0,1,1,1,18.138,49.913,77.041,69.828,126.414,164.527
eval,2025-08-27,Sunam,0.0,1.0,1.0,1,1,1,19.502,54.172,81.284,74.389,137.277,171.293
eval,2025-09-03,Dhuri,0.0,0.0,0.0,1,1,0,10.89,25.015,41.159,28.184,48.071,53.286
eval,2025-09-03,Lehra,0.0,0.0,0.0,1,1,0,13.715,31.7,47.261,21.414,39.331,46.628
eval,2025-09-03,Malerkotla,0.0,0.0,0.0,1,1,0,9.6,22.568,38.188,23.61,51.648,59.593
eval,2025-09-03,Moonak,0.0,0.0,0.0,1,1,0,13.605,30.348,44.577,17.775,36.479,44.464
eval,2025-09-03,Sangrur,0.0,0.0,0.0,0,0,0,11.44,27.644,45.693,15.858,24.729,28.959
eval,2025-09-03,Sunam,0.0,0.0,0.0,0,0,0,12.637,29.239,46.051,14.871,25.432,29.964
eval,2025-09-10,Dhuri,0.0,0.0,0.0,0,0,0,4.717,7.661,9.573,1.943,3.619,5.898
eval,2025-09-10,Lehra,0.0,0.0,0.0,0,0,0,3.616,4.476,4.976,1.893,3.951,4.766
eval,2025-09-10,Malerkotla,0.0,0.0,0.0,0,0,0,4.567,7.923,10.362,1.137,2.678,4.978
eval,2025-09-10,Moonak,0.0,0.0,0.0,0,0,0,2.778,3.277,3.563,1.274,2.377,2.953
eval,2025-09-10,Sangrur,0.0,0.0,0.0,0,0,0,3.887,6.116,7.522,2.069,3.289,4.704
eval,2025-09-10,Sunam,0.0,0.0,0.0,0,0,0,3.342,4.646,5.463,1.384,2.811,3.833
eval,2025-09-17,Dhuri,0.0,0.0,0.0,0,0,0,2.058,2.683,2.715,3.464,7.167,10.215
eval,2025-09-17,Lehra,0.0,0.0,0.0,0,0,0,1.407,1.943,1.943,3.068,5.102,8.913
eval,2025-09-17,Malerkotla,0.0,0.0,0.0,0,0,0,2.137,2.809,2.866,4.158,7.065,8.685
eval,2025-09-17,Moonak,0.0,0.0,0.0,0,0,0,1.22,1.704,1.706,2.706,4.246,6.689
eval,2025-09-17,Sangrur,0.0,0.0,0.0,0,0,0,2.138,2.797,2.867,2.582,5.394,8.639
eval,2025-09-17,Sunam,0.0,0.0,0.0,0,0,0,1.675,2.21,2.225,2.418,4.581,7.9
eval,2025-09-24,Dhuri,0.0,0.0,0.0,0,0,0,1.02,1.072,1.072,3.387,4.439,5.015
eval,2025-09-24,Lehra,0.0,0.0,0.0,0,0,0,0.571,0.647,0.647,4.019,5.721,7.151
eval,2025-09-24,Malerkotla,0.0,0.0,0.0,0,0,0,0.867,0.912,0.912,2.263,3.599,3.714
eval,2025-09-24,Moonak,0.0,0.0,0.0,0,0,0,0.363,0.571,0.571,2.57,4.829,5.516
eval,2025-09-24,Sangrur,0.0,0.0,0.0,0,0,0,1.096,1.245,1.245,3.123,4.705,5.333
eval,2025-09-24,Sunam,0.0,0.0,0.0,0,0,0,0.722,0.854,0.854,3.516,4.78,5.637
train_ref,2010-06-02,Dhuri,,,,0,0,0,,,,,,
train_ref,2010-06-02,Lehra,,,,0,0,0,,,,,,
train_ref,2010-06-02,Malerkotla,,,,0,0,0,,,,,,
train_ref,2010-06-02,Moonak,,,,0,0,0,,,,,,
train_ref,2010-06-02,Sangrur,,,,0,0,0,,,,,,
train_ref,2010-06-02,Sunam,,,,0,0,0,,,,,,
train_ref,2010-06-09,Dhuri,,,,0,0,0,,,,,,
train_ref,2010-06-09,Lehra,,,,0,0,0,,,,,,
train_ref,2010-06-09,Malerkotla,,,,0,0,0,,,,,,
train_ref,2010-06-09,Moonak,,,,0,0,0,,,,,,
train_ref,2010-06-09,Sangrur,,,,0,0,0,,,,,,
train_ref,2010-06-09,Sunam,,,,0,0,0,,,,,,
train_ref,2010-06-16,Dhuri,,,,0,0,0,,,,,,
train_ref,2010-06-16,Lehra,,,,0,0,0,,,,,,
train_ref,2010-06-16,Malerkotla,,,,0,0,0,,,,,,
train_ref,2010-06-16,Moonak,,,,0,0,0,,,,,,
train_ref,2010-06-16,Sangrur,,,,0,0,0,,,,,,
train_ref,2010-06-16,Sunam,,,,0,0,0,,,,,,
train_ref,2010-06-23,Dhuri,,,,0,0,0,,,,,,
train_ref,2010-06-23,Lehra,,,,0,0,0,,,,,,
train_ref,2010-06-23,Malerkotla,,,,0,0,0,,,,,,
train_ref,2010-06-23,Moonak,,,,0,0,0,,,,,,
train_ref,2010-06-23,Sangrur,,,,0,0,0,,,,,,
train_ref,2010-06-23,Sunam,,,,0,0,0,,,,,,
train_ref,2010-06-30,Dhuri,,,,1,1,0,,,,,,
train_ref,2010-06-30,Lehra,,,,1,1,0,,,,,,
train_ref,2010-06-30,Malerkotla,,,,1,1,0,,,,,,
train_ref,2010-06-30,Moonak,,,,1,1,1,,,,,,
train_ref,2010-06-30,Sangrur,,,,1,1,1,,,,,,
train_ref,2010-06-30,Sunam,,,,1,1,1,,,,,,
train_ref,2010-07-07,Dhuri,,,,1,1,0,,,,,,
train_ref,2010-07-07,Lehra,,,,0,0,0,,,,,,
train_ref,2010-07-07,Malerkotla,,,,0,1,0,,,,,,
train_ref,2010-07-07,Moonak,,,,0,0,0,,,,,,
train_ref,2010-07-07,Sangrur,,,,0,0,0,,,,,,
train_ref,2010-07-07,Sunam,,,,0,0,0,,,,,,
train_ref,2010-07-14,Dhuri,,,,1,1,0,,,,,,
train_ref,2010-07-14,Lehra,,,,1,1,0,,,,,,
train_ref,2010-07-14,Malerkotla,,,,0,1,0,,,,,,
train_ref,2010-07-14,Moonak,,,,1,1,0,,,,,,
train_ref,2010-07-14,Sangrur,,,,1,1,0,,,,,,
train_ref,2010-07-14,Sunam,,,,1,1,0,,,,,,
train_ref,2010-07-21,Dhuri,,,,1,1,0,,,,,,
train_ref,2010-07-21,Lehra,,,,1,1,0,,,,,,
train_ref,2010-07-21,Malerkotla,,,,1,1,0,,,,,,
train_ref,2010-07-21,Moonak,,,,0,0,0,,,,,,
train_ref,2010-07-21,Sangrur,,,,1,1,0,,,,,,
train_ref,2010-07-21,Sunam,,,,1,1,0,,,,,,
train_ref,2010-07-28,Dhuri,,,,0,0,0,,,,,,
train_ref,2010-07-28,Lehra,,,,0,0,0,,,,,,
train_ref,2010-07-28,Malerkotla,,,,0,0,0,,,,,,
train_ref,2010-07-28,Moonak,,,,0,0,0,,,,,,
train_ref,2010-07-28,Sangrur,,,,0,0,0,,,,,,
train_ref,2010-07-28,Sunam,,,,0,0,0,,,,,,
train_ref,2010-08-04,Dhuri,,,,0,0,0,,,,,,
train_ref,2010-08-04,Lehra,,,,0,0,0,,,,,,
train_ref,2010-08-04,Malerkotla,,,,0,0,0,,,,,,
train_ref,2010-08-04,Moonak,,,,0,0,0,,,,,,
train_ref,2010-08-04,Sangrur,,,,0,0,0,,,,,,
train_ref,2010-08-04,Sunam,,,,0,0,0,,,,,,
train_ref,2010-08-11,Dhuri,,,,0,0,0,,,,,,
train_ref,2010-08-11,Lehra,,,,0,1,0,,,,,,
train_ref,2010-08-11,Malerkotla,,,,0,0,0,,,,,,
train_ref,2010-08-11,Moonak,,,,0,1,0,,,,,,
train_ref,2010-08-11,Sangrur,,,,0,0,0,,,,,,
train_ref,2010-08-11,Sunam,,,,0,0,0,,,,,,
train_ref,2010-08-18,Dhuri,,,,1,1,0,,,,,,
train_ref,2010-08-18,Lehra,,,,1,1,1,,,,,,
train_ref,2010-08-18,Malerkotla,,,,1,1,0,,,,,,
train_ref,2010-08-18,Moonak,,,,1,1,1,,,,,,
train_ref,2010-08-18,Sangrur,,,,1,1,0,,,,,,
train_ref,2010-08-18,Sunam,,,,1,1,1,,,,,,
train_ref,2010-08-25,Dhuri,,,,0,0,0,,,,,,
train_ref,2010-08-25,Lehra,,,,0,0,0,,,,,,
train_ref,2010-08-25,Malerkotla,,,,0,0,0,,,,,,
train_ref,2010-08-25,Moonak,,,,0,0,0,,,,,,
train_ref,2010-08-25,Sangrur,,,,0,0,0,,,,,,
train_ref,2010-08-25,Sunam,,,,0,0,0,,,,,,
train_ref,2010-09-01,Dhuri,,,,0,0,0,,,,,,
train_ref,2010-09-01,Lehra,,,,0,0,0,,,,,,
train_ref,2010-09-01,Malerkotla,,,,0,0,0,,,,,,
train_ref,2010-09-01,Moonak,,,,0,0,0,,,,,,
train_ref,2010-09-01,Sangrur,,,,0,0,0,,,,,,
train_ref,2010-09-01,Sunam,,,,0,0,0,,,,,,
train_ref,2010-09-08,Dhuri,,,,1,1,1,,,,,,
train_ref,2010-09-08,Lehra,,,,1,1,1,,,,,,
train_ref,2010-09-08,Malerkotla,,,,1,1,1,,,,,,
train_ref,2010-09-08,Moonak,,,,1,1,0,,,,,,
train_ref,2010-09-08,Sangrur,,,,1,1,0,,,,,,
train_ref,2010-09-08,Sunam,,,,1,1,0,,,,,,
train_ref,2010-09-15,Dhuri,,,,1,1,1,,,,,,
train_ref,2010-09-15,Lehra,,,,1,1,1,,,,,,
train_ref,2010-09-15,Malerkotla,,,,1,1,1,,,,,,
train_ref,2010-09-15,Moonak,,,,1,1,1,,,,,,
train_ref,2010-09-15,Sangrur,,,,1,1,1,,,,,,
train_ref,2010-09-15,Sunam,,,,1,1,1,,,,,,
train_ref,2010-09-22,Dhuri,,,,0,0,0,,,,,,
train_ref,2010-09-22,Lehra,,,,0,0,0,,,,,,
train_ref,2010-09-22,Malerkotla,,,,0,0,0,,,,,,
train_ref,2010-09-22,Moonak,,,,0,0,0,,,,,,
train_ref,2010-09-22,Sangrur,,,,0,0,0,,,,,,
train_ref,2010-09-22,Sunam,,,,0,0,0,,,,,,
train_ref,2010-09-29,Dhuri,,,,0,0,0,,,,,,
train_ref,2010-09-29,Lehra,,,,0,0,0,,,,,,
train_ref,2010-09-29,Malerkotla,,,,0,0,0,,,,,,
train_ref,2010-09-29,Moonak,,,,0,0,0,,,,,,
train_ref,2010-09-29,Sangrur,,,,0,0,0,,,,,,
train_ref,2010-09-29,Sunam,,,,0,0,0,,,,,,
train_ref,2011-06-01,Dhuri,,,,0,0,0,,,,,,
train_ref,2011-06-01,Lehra,,,,0,0,0,,,,,,
train_ref,2011-06-01,Malerkotla,,,,0,0,0,,,,,,
train_ref,2011-06-01,Moonak,,,,0,0,0,,,,,,
train_ref,2011-06-01,Sangrur,,,,0,0,0,,,,,,
train_ref,2011-06-01,Sunam,,,,0,0,0,,,,,,
train_ref,2011-06-08,Dhuri,,,,0,0,0,,,,,,
train_ref,2011-06-08,Lehra,,,,0,0,0,,,,,,
train_ref,2011-06-08,Malerkotla,,,,0,0,0,,,,,,
train_ref,2011-06-08,Moonak,,,,0,0,0,,,,,,
train_ref,2011-06-08,Sangrur,,,,0,0,0,,,,,,
train_ref,2011-06-08,Sunam,,,,0,0,0,,,,,,
train_ref,2011-06-15,Dhuri,,,,0,0,0,,,,,,
train_ref,2011-06-15,Lehra,,,,0,0,0,,,,,,
train_ref,2011-06-15,Malerkotla,,,,0,0,0,,,,,,
train_ref,2011-06-15,Moonak,,,,0,0,0,,,,,,
train_ref,2011-06-15,Sangrur,,,,0,0,0,,,,,,
train_ref,2011-06-15,Sunam,,,,0,0,0,,,,,,
train_ref,2011-06-22,Dhuri,,,,1,1,0,,,,,,
train_ref,2011-06-22,Lehra,,,,1,1,0,,,,,,
train_ref,2011-06-22,Malerkotla,,,,1,1,0,,,,,,
train_ref,2011-06-22,Moonak,,,,1,1,0,,,,,,
train_ref,2011-06-22,Sangrur,,,,1,1,0,,,,,,
train_ref,2011-06-22,Sunam,,,,1,1,0,,,,,,
train_ref,2011-06-29,Dhuri,,,,0,0,0,,,,,,
train_ref,2011-06-29,Lehra,,,,0,0,0,,,,,,
train_ref,2011-06-29,Malerkotla,,,,0,0,0,,,,,,
train_ref,2011-06-29,Moonak,,,,0,0,0,,,,,,
train_ref,2011-06-29,Sangrur,,,,0,0,0,,,,,,
train_ref,2011-06-29,Sunam,,,,0,0,0,,,,,,
train_ref,2011-07-06,Dhuri,,,,0,0,0,,,,,,
train_ref,2011-07-06,Lehra,,,,0,1,0,,,,,,
train_ref,2011-07-06,Malerkotla,,,,0,0,0,,,,,,
train_ref,2011-07-06,Moonak,,,,0,1,0,,,,,,
train_ref,2011-07-06,Sangrur,,,,0,0,0,,,,,,
train_ref,2011-07-06,Sunam,,,,0,1,0,,,,,,
train_ref,2011-07-13,Dhuri,,,,0,0,0,,,,,,
train_ref,2011-07-13,Lehra,,,,0,0,0,,,,,,
train_ref,2011-07-13,Malerkotla,,,,0,0,0,,,,,,
train_ref,2011-07-13,Moonak,,,,0,0,0,,,,,,
train_ref,2011-07-13,Sangrur,,,,0,0,0,,,,,,
train_ref,2011-07-13,Sunam,,,,0,0,0,,,,,,
train_ref,2011-07-20,Dhuri,,,,0,1,0,,,,,,
train_ref,2011-07-20,Lehra,,,,0,0,0,,,,,,
train_ref,2011-07-20,Malerkotla,,,,0,1,0,,,,,,
train_ref,2011-07-20,Moonak,,,,0,0,0,,,,,,
train_ref,2011-07-20,Sangrur,,,,0,0,0,,,,,,
train_ref,2011-07-20,Sunam,,,,0,0,0,,,,,,
train_ref,2011-07-27,Dhuri,,,,0,0,0,,,,,,
train_ref,2011-07-27,Lehra,,,,0,0,0,,,,,,
train_ref,2011-07-27,Malerkotla,,,,0,0,0,,,,,,
train_ref,2011-07-27,Moonak,,,,0,0,0,,,,,,
train_ref,2011-07-27,Sangrur,,,,0,0,0,,,,,,
train_ref,2011-07-27,Sunam,,,,0,0,0,,,,,,
train_ref,2011-08-03,Dhuri,,,,0,0,0,,,,,,
train_ref,2011-08-03,Lehra,,,,0,1,0,,,,,,
train_ref,2011-08-03,Malerkotla,,,,0,0,0,,,,,,
train_ref,2011-08-03,Moonak,,,,0,1,0,,,,,,
train_ref,2011-08-03,Sangrur,,,,0,1,0,,,,,,
train_ref,2011-08-03,Sunam,,,,1,1,0,,,,,,
train_ref,2011-08-10,Dhuri,,,,0,1,0,,,,,,
train_ref,2011-08-10,Lehra,,,,0,0,0,,,,,,
train_ref,2011-08-10,Malerkotla,,,,1,1,0,,,,,,
train_ref,2011-08-10,Moonak,,,,0,0,0,,,,,,
train_ref,2011-08-10,Sangrur,,,,0,0,0,,,,,,
train_ref,2011-08-10,Sunam,,,,0,0,0,,,,,,
train_ref,2011-08-17,Dhuri,,,,0,0,0,,,,,,
train_ref,2011-08-17,Lehra,,,,0,0,0,,,,,,
train_ref,2011-08-17,Malerkotla,,,,0,0,0,,,,,,
train_ref,2011-08-17,Moonak,,,,0,1,0,,,,,,
train_ref,2011-08-17,Sangrur,,,,0,0,0,,,,,,
train_ref,2011-08-17,Sunam,,,,0,0,0,,,,,,
train_ref,2011-08-24,Dhuri,,,,0,0,0,,,,,,
train_ref,2011-08-24,Lehra,,,,0,0,0,,,,,,
train_ref,2011-08-24,Malerkotla,,,,0,0,0,,,,,,
train_ref,2011-08-24,Moonak,,,,0,0,0,,,,,,
train_ref,2011-08-24,Sangrur,,,,0,0,0,,,,,,
train_ref,2011-08-24,Sunam,,,,0,0,0,,,,,,
train_ref,2011-08-31,Dhuri,,,,1,1,1,,,,,,
train_ref,2011-08-31,Lehra,,,,1,1,1,,,,,,
train_ref,2011-08-31,Malerkotla,,,,1,1,1,,,,,,
train_ref,2011-08-31,Moonak,,,,1,1,1,,,,,,
train_ref,2011-08-31,Sangrur,,,,1,1,1,,,,,,
train_ref,2011-08-31,Sunam,,,,1,1,1,,,,,,
train_ref,2011-09-07,Dhuri,,,,1,1,1,,,,,,
train_ref,2011-09-07,Lehra,,,,1,1,1,,,,,,
train_ref,2011-09-07,Malerkotla,,,,1,1,1,,,,,,
train_ref,2011-09-07,Moonak,,,,1,1,0,,,,,,
train_ref,2011-09-07,Sangrur,,,,1,1,0,,,,,,
train_ref,2011-09-07,Sunam,,,,1,1,0,,,,,,
train_ref,2011-09-14,Dhuri,,,,1,1,1,,,,,,
train_ref,2011-09-14,Lehra,,,,1,1,1,,,,,,
train_ref,2011-09-14,Malerkotla,,,,1,1,1,,,,,,
train_ref,2011-09-14,Moonak,,,,1,1,1,,,,,,
train_ref,2011-09-14,Sangrur,,,,1,1,1,,,,,,
train_ref,2011-09-14,Sunam,,,,1,1,1,,,,,,
train_ref,2011-09-21,Dhuri,,,,0,0,0,,,,,,
train_ref,2011-09-21,Lehra,,,,0,0,0,,,,,,
train_ref,2011-09-21,Malerkotla,,,,0,0,0,,,,,,
train_ref,2011-09-21,Moonak,,,,0,0,0,,,,,,
train_ref,2011-09-21,Sangrur,,,,0,0,0,,,,,,
train_ref,2011-09-21,Sunam,,,,0,0,0,,,,,,
train_ref,2011-09-28,Dhuri,,,,0,0,0,,,,,,
train_ref,2011-09-28,Lehra,,,,0,0,0,,,,,,
train_ref,2011-09-28,Malerkotla,,,,0,0,0,,,,,,
train_ref,2011-09-28,Moonak,,,,0,0,0,,,,,,
train_ref,2011-09-28,Sangrur,,,,0,0,0,,,,,,
train_ref,2011-09-28,Sunam,,,,0,0,0,,,,,,
train_ref,2012-06-06,Dhuri,,,,0,0,0,,,,,,
train_ref,2012-06-06,Lehra,,,,0,0,0,,,,,,
train_ref,2012-06-06,Malerkotla,,,,0,0,0,,,,,,
train_ref,2012-06-06,Moonak,,,,0,0,0,,,,,,
train_ref,2012-06-06,Sangrur,,,,0,0,0,,,,,,
train_ref,2012-06-06,Sunam,,,,0,0,0,,,,,,
train_ref,2012-06-13,Dhuri,,,,0,0,0,,,,,,
train_ref,2012-06-13,Lehra,,,,0,0,0,,,,,,
train_ref,2012-06-13,Malerkotla,,,,0,0,0,,,,,,
train_ref,2012-06-13,Moonak,,,,0,0,0,,,,,,
train_ref,2012-06-13,Sangrur,,,,0,0,0,,,,,,
train_ref,2012-06-13,Sunam,,,,0,0,0,,,,,,
train_ref,2012-06-20,Dhuri,,,,0,0,0,,,,,,
train_ref,2012-06-20,Lehra,,,,0,0,0,,,,,,
train_ref,2012-06-20,Malerkotla,,,,0,0,0,,,,,,
train_ref,2012-06-20,Moonak,,,,0,0,0,,,,,,
train_ref,2012-06-20,Sangrur,,,,0,0,0,,,,,,
train_ref,2012-06-20,Sunam,,,,0,0,0,,,,,,
train_ref,2012-06-27,Dhuri,,,,0,0,0,,,,,,
train_ref,2012-06-27,Lehra,,,,0,0,0,,,,,,
train_ref,2012-06-27,Malerkotla,,,,0,0,0,,,,,,
train_ref,2012-06-27,Moonak,,,,0,0,0,,,,,,
train_ref,2012-06-27,Sangrur,,,,0,0,0,,,,,,
train_ref,2012-06-27,Sunam,,,,0,0,0,,,,,,
train_ref,2012-07-04,Dhuri,,,,0,0,0,,,,,,
train_ref,2012-07-04,Lehra,,,,0,0,0,,,,,,
train_ref,2012-07-04,Malerkotla,,,,0,0,0,,,,,,
train_ref,2012-07-04,Moonak,,,,0,0,0,,,,,,
train_ref,2012-07-04,Sangrur,,,,0,0,0,,,,,,
train_ref,2012-07-04,Sunam,,,,0,0,0,,,,,,
train_ref,2012-07-11,Dhuri,,,,0,0,0,,,,,,
train_ref,2012-07-11,Lehra,,,,1,0,0,,,,,,
train_ref,2012-07-11,Malerkotla,,,,0,0,0,,,,,,
train_ref,2012-07-11,Moonak,,,,1,0,0,,,,,,
train_ref,2012-07-11,Sangrur,,,,0,0,0,,,,,,
train_ref,2012-07-11,Sunam,,,,1,1,0,,,,,,
train_ref,2012-07-18,Dhuri,,,,0,0,0,,,,,,
train_ref,2012-07-18,Lehra,,,,0,0,0,,,,,,
train_ref,2012-07-18,Malerkotla,,,,0,0,0,,,,,,
train_ref,2012-07-18,Moonak,,,,0,0,0,,,,,,
train_ref,2012-07-18,Sangrur,,,,0,0,0,,,,,,
train_ref,2012-07-18,Sunam,,,,0,0,0,,,,,,
train_ref,2012-07-25,Dhuri,,,,0,0,0,,,,,,
train_ref,2012-07-25,Lehra,,,,0,0,0,,,,,,
train_ref,2012-07-25,Malerkotla,,,,0,0,0,,,,,,
train_ref,2012-07-25,Moonak,,,,0,0,0,,,,,,
train_ref,2012-07-25,Sangrur,,,,0,0,0,,,,,,
train_ref,2012-07-25,Sunam,,,,0,0,0,,,,,,
train_ref,2012-08-01,Dhuri,,,,0,0,0,,,,,,
train_ref,2012-08-01,Lehra,,,,1,0,0,,,,,,
train_ref,2012-08-01,Malerkotla,,,,0,0,0,,,,,,
train_ref,2012-08-01,Moonak,,,,1,0,0,,,,,,
train_ref,2012-08-01,Sangrur,,,,1,0,0,,,,,,
train_ref,2012-08-01,Sunam,,,,1,0,0,,,,,,
train_ref,2012-08-08,Dhuri,,,,1,1,1,,,,,,
train_ref,2012-08-08,Lehra,,,,1,1,0,,,,,,
train_ref,2012-08-08,Malerkotla,,,,0,0,0,,,,,,
train_ref,2012-08-08,Moonak,,,,0,0,0,,,,,,
train_ref,2012-08-08,Sangrur,,,,1,1,1,,,,,,
train_ref,2012-08-08,Sunam,,,,1,1,1,,,,,,
train_ref,2012-08-15,Dhuri,,,,1,1,1,,,,,,
train_ref,2012-08-15,Lehra,,,,1,1,0,,,,,,
train_ref,2012-08-15,Malerkotla,,,,1,1,1,,,,,,
train_ref,2012-08-15,Moonak,,,,1,1,1,,,,,,
train_ref,2012-08-15,Sangrur,,,,1,1,1,,,,,,
train_ref,2012-08-15,Sunam,,,,1,1,0,,,,,,
train_ref,2012-08-22,Dhuri,,,,0,0,0,,,,,,
train_ref,2012-08-22,Lehra,,,,0,0,0,,,,,,
train_ref,2012-08-22,Malerkotla,,,,0,0,0,,,,,,
train_ref,2012-08-22,Moonak,,,,0,0,0,,,,,,
train_ref,2012-08-22,Sangrur,,,,0,0,0,,,,,,
train_ref,2012-08-22,Sunam,,,,0,0,0,,,,,,
train_ref,2012-08-29,Dhuri,,,,0,0,0,,,,,,
train_ref,2012-08-29,Lehra,,,,0,0,0,,,,,,
train_ref,2012-08-29,Malerkotla,,,,0,0,0,,,,,,
train_ref,2012-08-29,Moonak,,,,0,0,0,,,,,,
train_ref,2012-08-29,Sangrur,,,,0,0,0,,,,,,
train_ref,2012-08-29,Sunam,,,,0,0,0,,,,,,
train_ref,2012-09-05,Dhuri,,,,0,0,0,,,,,,
train_ref,2012-09-05,Lehra,,,,0,0,0,,,,,,
train_ref,2012-09-05,Malerkotla,,,,0,0,0,,,,,,
train_ref,2012-09-05,Moonak,,,,0,0,0,,,,,,
train_ref,2012-09-05,Sangrur,,,,0,0,0,,,,,,
train_ref,2012-09-05,Sunam,,,,0,0,0,,,,,,
train_ref,2012-09-12,Dhuri,,,,0,0,0,,,,,,
train_ref,2012-09-12,Lehra,,,,1,1,0,,,,,,
train_ref,2012-09-12,Malerkotla,,,,0,0,0,,,,,,
train_ref,2012-09-12,Moonak,,,,1,1,1,,,,,,
train_ref,2012-09-12,Sangrur,,,,0,1,0,,,,,,
train_ref,2012-09-12,Sunam,,,,1,1,0,,,,,,
train_ref,2012-09-19,Dhuri,,,,0,0,0,,,,,,
train_ref,2012-09-19,Lehra,,,,0,0,0,,,,,,
train_ref,2012-09-19,Malerkotla,,,,0,0,0,,,,,,
train_ref,2012-09-19,Moonak,,,,0,0,0,,,,,,
train_ref,2012-09-19,Sangrur,,,,0,0,0,,,,,,
train_ref,2012-09-19,Sunam,,,,0,0,0,,,,,,
train_ref,2012-09-26,Dhuri,,,,0,0,0,,,,,,
train_ref,2012-09-26,Lehra,,,,0,0,0,,,,,,
train_ref,2012-09-26,Malerkotla,,,,0,0,0,,,,,,
train_ref,2012-09-26,Moonak,,,,0,0,0,,,,,,
train_ref,2012-09-26,Sangrur,,,,0,0,0,,,,,,
train_ref,2012-09-26,Sunam,,,,0,0,0,,,,,,
train_ref,2013-06-05,Dhuri,,,,0,0,0,,,,,,
train_ref,2013-06-05,Lehra,,,,0,0,0,,,,,,
train_ref,2013-06-05,Malerkotla,,,,0,0,0,,,,,,
train_ref,2013-06-05,Moonak,,,,1,1,0,,,,,,
train_ref,2013-06-05,Sangrur,,,,0,0,0,,,,,,
train_ref,2013-06-05,Sunam,,,,0,0,0,,,,,,
train_ref,2013-06-12,Dhuri,,,,1,1,0,,,,,,
train_ref,2013-06-12,Lehra,,,,1,1,0,,,,,,
train_ref,2013-06-12,Malerkotla,,,,1,1,0,,,,,,
train_ref,2013-06-12,Moonak,,,,0,0,0,,,,,,
train_ref,2013-06-12,Sangrur,,,,1,1,0,,,,,,
train_ref,2013-06-12,Sunam,,,,0,1,0,,,,,,
train_ref,2013-06-19,Dhuri,,,,0,0,0,,,,,,
train_ref,2013-06-19,Lehra,,,,0,0,0,,,,,,
train_ref,2013-06-19,Malerkotla,,,,0,0,0,,,,,,
train_ref,2013-06-19,Moonak,,,,0,0,0,,,,,,
train_ref,2013-06-19,Sangrur,,,,0,0,0,,,,,,
train_ref,2013-06-19,Sunam,,,,0,0,0,,,,,,
train_ref,2013-06-26,Dhuri,,,,0,0,0,,,,,,
train_ref,2013-06-26,Lehra,,,,0,0,0,,,,,,
train_ref,2013-06-26,Malerkotla,,,,0,0,0,,,,,,
train_ref,2013-06-26,Moonak,,,,0,0,0,,,,,,
train_ref,2013-06-26,Sangrur,,,,0,0,0,,,,,,
train_ref,2013-06-26,Sunam,,,,0,0,0,,,,,,
train_ref,2013-07-03,Dhuri,,,,0,1,0,,,,,,
train_ref,2013-07-03,Lehra,,,,0,1,0,,,,,,
train_ref,2013-07-03,Malerkotla,,,,0,1,0,,,,,,
train_ref,2013-07-03,Moonak,,,,0,1,0,,,,,,
train_ref,2013-07-03,Sangrur,,,,0,0,0,,,,,,
train_ref,2013-07-03,Sunam,,,,0,1,0,,,,,,
train_ref,2013-07-10,Dhuri,,,,0,0,0,,,,,,
train_ref,2013-07-10,Lehra,,,,0,0,0,,,,,,
train_ref,2013-07-10,Malerkotla,,,,0,0,0,,,,,,
train_ref,2013-07-10,Moonak,,,,0,0,0,,,,,,
train_ref,2013-07-10,Sangrur,,,,0,0,0,,,,,,
train_ref,2013-07-10,Sunam,,,,0,0,0,,,,,,
train_ref,2013-07-17,Dhuri,,,,0,0,0,,,,,,
train_ref,2013-07-17,Lehra,,,,0,0,0,,,,,,
train_ref,2013-07-17,Malerkotla,,,,0,0,0,,,,,,
train_ref,2013-07-17,Moonak,,,,1,1,0,,,,,,
train_ref,2013-07-17,Sangrur,,,,0,0,0,,,,,,
train_ref,2013-07-17,Sunam,,,,0,0,0,,,,,,
train_ref,2013-07-24,Dhuri,,,,0,0,0,,,,,,
train_ref,2013-07-24,Lehra,,,,0,0,0,,,,,,
train_ref,2013-07-24,Malerkotla,,,,0,0,0,,,,,,
train_ref,2013-07-24,Moonak,,,,0,0,0,,,,,,
train_ref,2013-07-24,Sangrur,,,,0,0,0,,,,,,
train_ref,2013-07-24,Sunam,,,,0,0,0,,,,,,
train_ref,2013-07-31,Dhuri,,,,1,1,1,,,,,,
train_ref,2013-07-31,Lehra,,,,1,1,1,,,,,,
train_ref,2013-07-31,Malerkotla,,,,1,1,1,,,,,,
train_ref,2013-07-31,Moonak,,,,1,1,1,,,,,,
train_ref,2013-07-31,Sangrur,,,,1,1,1,,,,,,
train_ref,2013-07-31,Sunam,,,,1,1,1,,,,,,
train_ref,2013-08-07,Dhuri,,,,0,0,0,,,,,,
train_ref,2013-08-07,Lehra,,,,0,0,0,,,,,,
train_ref,2013-08-07,Malerkotla,,,,0,1,0,,,,,,
train_ref,2013-08-07,Moonak,,,,0,0,0,,,,,,
train_ref,2013-08-07,Sangrur,,,,0,1,0,,,,,,
train_ref,2013-08-07,Sunam,,,,0,0,0,,,,,,
train_ref,2013-08-14,Dhuri,,,,1,1,1,,,,,,
train_ref,2013-08-14,Lehra,,,,1,1,1,,,,,,
train_ref,2013-08-14,Malerkotla,,,,1,1,1,,,,,,
train_ref,2013-08-14,Moonak,,,,1,1,1,,,,,,
train_ref,2013-08-14,Sangrur,,,,1,1,1,,,,,,
train_ref,2013-08-14,Sunam,,,,1,1,1,,,,,,
train_ref,2013-08-21,Dhuri,,,,0,0,0,,,,,,
train_ref,2013-08-21,Lehra,,,,0,0,0,,,,,,
train_ref,2013-08-21,Malerkotla,,,,0,0,0,,,,,,
train_ref,2013-08-21,Moonak,,,,0,0,0,,,,,,
train_ref,2013-08-21,Sangrur,,,,0,0,0,,,,,,
train_ref,2013-08-21,Sunam,,,,0,0,0,,,,,,
train_ref,2013-08-28,Dhuri,,,,0,0,0,,,,,,
train_ref,2013-08-28,Lehra,,,,0,0,0,,,,,,
train_ref,2013-08-28,Malerkotla,,,,0,0,0,,,,,,
train_ref,2013-08-28,Moonak,,,,0,0,0,,,,,,
train_ref,2013-08-28,Sangrur,,,,0,0,0,,,,,,
train_ref,2013-08-28,Sunam,,,,0,0,0,,,,,,
train_ref,2013-09-04,Dhuri,,,,0,0,0,,,,,,
train_ref,2013-09-04,Lehra,,,,0,0,0,,,,,,
train_ref,2013-09-04,Malerkotla,,,,0,0,0,,,,,,
train_ref,2013-09-04,Moonak,,,,0,0,0,,,,,,
train_ref,2013-09-04,Sangrur,,,,0,0,0,,,,,,
train_ref,2013-09-04,Sunam,,,,0,0,0,,,,,,
train_ref,2013-09-11,Dhuri,,,,0,0,0,,,,,,
train_ref,2013-09-11,Lehra,,,,0,0,0,,,,,,
train_ref,2013-09-11,Malerkotla,,,,0,0,0,,,,,,
train_ref,2013-09-11,Moonak,,,,0,0,0,,,,,,
train_ref,2013-09-11,Sangrur,,,,0,0,0,,,,,,
train_ref,2013-09-11,Sunam,,,,0,0,0,,,,,,
train_ref,2013-09-18,Dhuri,,,,0,0,0,,,,,,
train_ref,2013-09-18,Lehra,,,,0,0,0,,,,,,
train_ref,2013-09-18,Malerkotla,,,,0,0,0,,,,,,
train_ref,2013-09-18,Moonak,,,,0,0,0,,,,,,
train_ref,2013-09-18,Sangrur,,,,0,0,0,,,,,,
train_ref,2013-09-18,Sunam,,,,0,0,0,,,,,,
train_ref,2013-09-25,Dhuri,,,,0,0,0,,,,,,
train_ref,2013-09-25,Lehra,,,,0,0,0,,,,,,
train_ref,2013-09-25,Malerkotla,,,,0,0,0,,,,,,
train_ref,2013-09-25,Moonak,,,,0,0,0,,,,,,
train_ref,2013-09-25,Sangrur,,,,0,0,0,,,,,,
train_ref,2013-09-25,Sunam,,,,0,0,0,,,,,,
train_ref,2014-06-04,Dhuri,,,,0,0,0,,,,,,
train_ref,2014-06-04,Lehra,,,,0,0,0,,,,,,
train_ref,2014-06-04,Malerkotla,,,,0,0,0,,,,,,
train_ref,2014-06-04,Moonak,,,,0,0,0,,,,,,
train_ref,2014-06-04,Sangrur,,,,0,0,0,,,,,,
train_ref,2014-06-04,Sunam,,,,0,0,0,,,,,,
train_ref,2014-06-11,Dhuri,,,,0,0,0,,,,,,
train_ref,2014-06-11,Lehra,,,,0,0,0,,,,,,
train_ref,2014-06-11,Malerkotla,,,,0,0,0,,,,,,
train_ref,2014-06-11,Moonak,,,,0,0,0,,,,,,
train_ref,2014-06-11,Sangrur,,,,0,0,0,,,,,,
train_ref,2014-06-11,Sunam,,,,0,0,0,,,,,,
train_ref,2014-06-18,Dhuri,,,,0,0,0,,,,,,
train_ref,2014-06-18,Lehra,,,,0,0,0,,,,,,
train_ref,2014-06-18,Malerkotla,,,,0,0,0,,,,,,
train_ref,2014-06-18,Moonak,,,,0,0,0,,,,,,
train_ref,2014-06-18,Sangrur,,,,0,0,0,,,,,,
train_ref,2014-06-18,Sunam,,,,0,0,0,,,,,,
train_ref,2014-06-25,Dhuri,,,,0,0,0,,,,,,
train_ref,2014-06-25,Lehra,,,,0,0,0,,,,,,
train_ref,2014-06-25,Malerkotla,,,,0,0,0,,,,,,
train_ref,2014-06-25,Moonak,,,,0,0,0,,,,,,
train_ref,2014-06-25,Sangrur,,,,0,0,0,,,,,,
train_ref,2014-06-25,Sunam,,,,0,0,0,,,,,,
train_ref,2014-07-02,Dhuri,,,,0,0,0,,,,,,
train_ref,2014-07-02,Lehra,,,,0,0,0,,,,,,
train_ref,2014-07-02,Malerkotla,,,,0,0,0,,,,,,
train_ref,2014-07-02,Moonak,,,,0,0,0,,,,,,
train_ref,2014-07-02,Sangrur,,,,0,0,0,,,,,,
train_ref,2014-07-02,Sunam,,,,0,0,0,,,,,,
train_ref,2014-07-09,Dhuri,,,,0,0,0,,,,,,
train_ref,2014-07-09,Lehra,,,,0,0,0,,,,,,
train_ref,2014-07-09,Malerkotla,,,,0,0,0,,,,,,
train_ref,2014-07-09,Moonak,,,,0,0,0,,,,,,
train_ref,2014-07-09,Sangrur,,,,0,0,0,,,,,,
train_ref,2014-07-09,Sunam,,,,0,0,0,,,,,,
train_ref,2014-07-16,Dhuri,,,,0,0,0,,,,,,
train_ref,2014-07-16,Lehra,,,,0,0,0,,,,,,
train_ref,2014-07-16,Malerkotla,,,,0,0,0,,,,,,
train_ref,2014-07-16,Moonak,,,,0,0,0,,,,,,
train_ref,2014-07-16,Sangrur,,,,0,0,0,,,,,,
train_ref,2014-07-16,Sunam,,,,0,0,0,,,,,,
train_ref,2014-07-23,Dhuri,,,,0,0,0,,,,,,
train_ref,2014-07-23,Lehra,,,,0,1,0,,,,,,
train_ref,2014-07-23,Malerkotla,,,,0,0,0,,,,,,
train_ref,2014-07-23,Moonak,,,,0,0,0,,,,,,
train_ref,2014-07-23,Sangrur,,,,0,0,0,,,,,,
train_ref,2014-07-23,Sunam,,,,0,0,0,,,,,,
train_ref,2014-07-30,Dhuri,,,,0,0,0,,,,,,
train_ref,2014-07-30,Lehra,,,,0,0,0,,,,,,
train_ref,2014-07-30,Malerkotla,,,,0,0,0,,,,,,
train_ref,2014-07-30,Moonak,,,,0,0,0,,,,,,
train_ref,2014-07-30,Sangrur,,,,0,0,0,,,,,,
train_ref,2014-07-30,Sunam,,,,0,0,0,,,,,,
train_ref,2014-08-06,Dhuri,,,,0,0,0,,,,,,
train_ref,2014-08-06,Lehra,,,,0,0,0,,,,,,
train_ref,2014-08-06,Malerkotla,,,,0,0,0,,,,,,
train_ref,2014-08-06,Moonak,,,,0,0,0,,,,,,
train_ref,2014-08-06,Sangrur,,,,0,0,0,,,,,,
train_ref,2014-08-06,Sunam,,,,0,0,0,,,,,,
train_ref,2014-08-13,Dhuri,,,,0,0,0,,,,,,
train_ref,2014-08-13,Lehra,,,,0,0,0,,,,,,
train_ref,2014-08-13,Malerkotla,,,,0,0,0,,,,,,
train_ref,2014-08-13,Moonak,,,,0,0,0,,,,,,
train_ref,2014-08-13,Sangrur,,,,0,0,0,,,,,,
train_ref,2014-08-13,Sunam,,,,0,0,0,,,,,,
train_ref,2014-08-20,Dhuri,,,,0,0,0,,,,,,
train_ref,2014-08-20,Lehra,,,,0,0,0,,,,,,
train_ref,2014-08-20,Malerkotla,,,,0,0,0,,,,,,
train_ref,2014-08-20,Moonak,,,,0,0,0,,,,,,
train_ref,2014-08-20,Sangrur,,,,0,0,0,,,,,,
train_ref,2014-08-20,Sunam,,,,0,0,0,,,,,,
train_ref,2014-08-27,Dhuri,,,,1,1,1,,,,,,
train_ref,2014-08-27,Lehra,,,,1,1,1,,,,,,
train_ref,2014-08-27,Malerkotla,,,,1,1,1,,,,,,
train_ref,2014-08-27,Moonak,,,,1,1,1,,,,,,
train_ref,2014-08-27,Sangrur,,,,1,1,1,,,,,,
train_ref,2014-08-27,Sunam,,,,1,1,1,,,,,,
train_ref,2014-09-03,Dhuri,,,,1,1,1,,,,,,
train_ref,2014-09-03,Lehra,,,,1,1,1,,,,,,
train_ref,2014-09-03,Malerkotla,,,,1,1,1,,,,,,
train_ref,2014-09-03,Moonak,,,,1,1,0,,,,,,
train_ref,2014-09-03,Sangrur,,,,1,1,1,,,,,,
train_ref,2014-09-03,Sunam,,,,1,1,1,,,,,,
train_ref,2014-09-10,Dhuri,,,,0,0,0,,,,,,
train_ref,2014-09-10,Lehra,,,,0,0,0,,,,,,
train_ref,2014-09-10,Malerkotla,,,,0,0,0,,,,,,
train_ref,2014-09-10,Moonak,,,,0,0,0,,,,,,
train_ref,2014-09-10,Sangrur,,,,0,0,0,,,,,,
train_ref,2014-09-10,Sunam,,,,0,0,0,,,,,,
train_ref,2014-09-17,Dhuri,,,,0,0,0,,,,,,
train_ref,2014-09-17,Lehra,,,,0,0,0,,,,,,
train_ref,2014-09-17,Malerkotla,,,,0,0,0,,,,,,
train_ref,2014-09-17,Moonak,,,,0,0,0,,,,,,
train_ref,2014-09-17,Sangrur,,,,0,0,0,,,,,,
train_ref,2014-09-17,Sunam,,,,0,0,0,,,,,,
train_ref,2014-09-24,Dhuri,,,,0,0,0,,,,,,
train_ref,2014-09-24,Lehra,,,,0,0,0,,,,,,
train_ref,2014-09-24,Malerkotla,,,,0,0,0,,,,,,
train_ref,2014-09-24,Moonak,,,,0,0,0,,,,,,
train_ref,2014-09-24,Sangrur,,,,0,0,0,,,,,,
train_ref,2014-09-24,Sunam,,,,0,0,0,,,,,,
train_ref,2015-06-03,Dhuri,,,,0,0,0,,,,,,
train_ref,2015-06-03,Lehra,,,,0,0,0,,,,,,
train_ref,2015-06-03,Malerkotla,,,,0,0,0,,,,,,
train_ref,2015-06-03,Moonak,,,,0,0,0,,,,,,
train_ref,2015-06-03,Sangrur,,,,0,0,0,,,,,,
train_ref,2015-06-03,Sunam,,,,0,0,0,,,,,,
train_ref,2015-06-10,Dhuri,,,,0,0,0,,,,,,
train_ref,2015-06-10,Lehra,,,,0,0,0,,,,,,
train_ref,2015-06-10,Malerkotla,,,,0,0,0,,,,,,
train_ref,2015-06-10,Moonak,,,,0,0,0,,,,,,
train_ref,2015-06-10,Sangrur,,,,0,0,0,,,,,,
train_ref,2015-06-10,Sunam,,,,0,0,0,,,,,,
train_ref,2015-06-17,Dhuri,,,,0,0,0,,,,,,
train_ref,2015-06-17,Lehra,,,,1,0,0,,,,,,
train_ref,2015-06-17,Malerkotla,,,,0,0,0,,,,,,
train_ref,2015-06-17,Moonak,,,,1,0,0,,,,,,
train_ref,2015-06-17,Sangrur,,,,0,0,0,,,,,,
train_ref,2015-06-17,Sunam,,,,0,0,0,,,,,,
train_ref,2015-06-24,Dhuri,,,,0,0,0,,,,,,
train_ref,2015-06-24,Lehra,,,,0,0,0,,,,,,
train_ref,2015-06-24,Malerkotla,,,,0,0,0,,,,,,
train_ref,2015-06-24,Moonak,,,,0,0,0,,,,,,
train_ref,2015-06-24,Sangrur,,,,0,0,0,,,,,,
train_ref,2015-06-24,Sunam,,,,0,0,0,,,,,,
train_ref,2015-07-01,Dhuri,,,,0,0,0,,,,,,
train_ref,2015-07-01,Lehra,,,,0,0,0,,,,,,
train_ref,2015-07-01,Malerkotla,,,,0,0,0,,,,,,
train_ref,2015-07-01,Moonak,,,,0,0,0,,,,,,
train_ref,2015-07-01,Sangrur,,,,0,0,0,,,,,,
train_ref,2015-07-01,Sunam,,,,0,0,0,,,,,,
train_ref,2015-07-08,Dhuri,,,,1,1,0,,,,,,
train_ref,2015-07-08,Lehra,,,,0,1,0,,,,,,
train_ref,2015-07-08,Malerkotla,,,,1,1,0,,,,,,
train_ref,2015-07-08,Moonak,,,,1,1,0,,,,,,
train_ref,2015-07-08,Sangrur,,,,1,1,0,,,,,,
train_ref,2015-07-08,Sunam,,,,1,1,0,,,,,,
train_ref,2015-07-15,Dhuri,,,,1,1,0,,,,,,
train_ref,2015-07-15,Lehra,,,,1,1,0,,,,,,
train_ref,2015-07-15,Malerkotla,,,,1,1,0,,,,,,
train_ref,2015-07-15,Moonak,,,,0,1,0,,,,,,
train_ref,2015-07-15,Sangrur,,,,1,1,0,,,,,,
train_ref,2015-07-15,Sunam,,,,1,1,0,,,,,,
train_ref,2015-07-22,Dhuri,,,,0,0,0,,,,,,
train_ref,2015-07-22,Lehra,,,,0,0,0,,,,,,
train_ref,2015-07-22,Malerkotla,,,,0,0,0,,,,,,
train_ref,2015-07-22,Moonak,,,,0,0,0,,,,,,
train_ref,2015-07-22,Sangrur,,,,0,0,0,,,,,,
train_ref,2015-07-22,Sunam,,,,0,0,0,,,,,,
train_ref,2015-07-29,Dhuri,,,,0,0,0,,,,,,
train_ref,2015-07-29,Lehra,,,,1,0,0,,,,,,
train_ref,2015-07-29,Malerkotla,,,,0,0,0,,,,,,
train_ref,2015-07-29,Moonak,,,,0,0,0,,,,,,
train_ref,2015-07-29,Sangrur,,,,0,0,0,,,,,,
train_ref,2015-07-29,Sunam,,,,0,0,0,,,,,,
train_ref,2015-08-05,Dhuri,,,,0,0,0,,,,,,
train_ref,2015-08-05,Lehra,,,,1,1,0,,,,,,
train_ref,2015-08-05,Malerkotla,,,,0,0,0,,,,,,
train_ref,2015-08-05,Moonak,,,,1,1,0,,,,,,
train_ref,2015-08-05,Sangrur,,,,0,1,0,,,,,,
train_ref,2015-08-05,Sunam,,,,0,1,0,,,,,,
train_ref,2015-08-12,Dhuri,,,,1,1,0,,,,,,
train_ref,2015-08-12,Lehra,,,,1,1,0,,,,,,
train_ref,2015-08-12,Malerkotla,,,,1,1,0,,,,,,
train_ref,2015-08-12,Moonak,,,,1,1,0,,,,,,
train_ref,2015-08-12,Sangrur,,,,1,1,0,,,,,,
train_ref,2015-08-12,Sunam,,,,1,1,0,,,,,,
train_ref,2015-08-19,Dhuri,,,,0,0,0,,,,,,
train_ref,2015-08-19,Lehra,,,,0,0,0,,,,,,
train_ref,2015-08-19,Malerkotla,,,,0,0,0,,,,,,
train_ref,2015-08-19,Moonak,,,,0,0,0,,,,,,
train_ref,2015-08-19,Sangrur,,,,0,0,0,,,,,,
train_ref,2015-08-19,Sunam,,,,0,0,0,,,,,,
train_ref,2015-08-26,Dhuri,,,,0,0,0,,,,,,
train_ref,2015-08-26,Lehra,,,,0,0,0,,,,,,
train_ref,2015-08-26,Malerkotla,,,,0,0,0,,,,,,
train_ref,2015-08-26,Moonak,,,,0,0,0,,,,,,
train_ref,2015-08-26,Sangrur,,,,0,0,0,,,,,,
train_ref,2015-08-26,Sunam,,,,0,0,0,,,,,,
train_ref,2015-09-02,Dhuri,,,,0,0,0,,,,,,
train_ref,2015-09-02,Lehra,,,,0,0,0,,,,,,
train_ref,2015-09-02,Malerkotla,,,,0,0,0,,,,,,
train_ref,2015-09-02,Moonak,,,,0,0,0,,,,,,
train_ref,2015-09-02,Sangrur,,,,0,0,0,,,,,,
train_ref,2015-09-02,Sunam,,,,0,0,0,,,,,,
train_ref,2015-09-09,Dhuri,,,,0,0,0,,,,,,
train_ref,2015-09-09,Lehra,,,,0,0,0,,,,,,
train_ref,2015-09-09,Malerkotla,,,,0,0,0,,,,,,
train_ref,2015-09-09,Moonak,,,,0,0,0,,,,,,
train_ref,2015-09-09,Sangrur,,,,0,0,0,,,,,,
train_ref,2015-09-09,Sunam,,,,0,0,0,,,,,,
train_ref,2015-09-16,Dhuri,,,,1,1,1,,,,,,
train_ref,2015-09-16,Lehra,,,,1,1,0,,,,,,
train_ref,2015-09-16,Malerkotla,,,,1,1,1,,,,,,
train_ref,2015-09-16,Moonak,,,,0,0,0,,,,,,
train_ref,2015-09-16,Sangrur,,,,1,1,0,,,,,,
train_ref,2015-09-16,Sunam,,,,1,1,0,,,,,,
train_ref,2015-09-23,Dhuri,,,,0,0,0,,,,,,
train_ref,2015-09-23,Lehra,,,,0,0,0,,,,,,
train_ref,2015-09-23,Malerkotla,,,,0,0,0,,,,,,
train_ref,2015-09-23,Moonak,,,,0,0,0,,,,,,
train_ref,2015-09-23,Sangrur,,,,0,0,0,,,,,,
train_ref,2015-09-23,Sunam,,,,0,0,0,,,,,,
train_ref,2015-09-30,Dhuri,,,,0,0,0,,,,,,
train_ref,2015-09-30,Lehra,,,,0,0,0,,,,,,
train_ref,2015-09-30,Malerkotla,,,,0,0,0,,,,,,
train_ref,2015-09-30,Moonak,,,,0,0,0,,,,,,
train_ref,2015-09-30,Sangrur,,,,0,0,0,,,,,,
train_ref,2015-09-30,Sunam,,,,0,0,0,,,,,,
train_ref,2016-06-01,Dhuri,,,,0,0,0,,,,,,
train_ref,2016-06-01,Lehra,,,,0,0,0,,,,,,
train_ref,2016-06-01,Malerkotla,,,,0,0,0,,,,,,
train_ref,2016-06-01,Moonak,,,,0,0,0,,,,,,
train_ref,2016-06-01,Sangrur,,,,0,0,0,,,,,,
train_ref,2016-06-01,Sunam,,,,0,0,0,,,,,,
train_ref,2016-06-08,Dhuri,,,,0,0,0,,,,,,
train_ref,2016-06-08,Lehra,,,,0,0,0,,,,,,
train_ref,2016-06-08,Malerkotla,,,,0,0,0,,,,,,
train_ref,2016-06-08,Moonak,,,,0,0,0,,,,,,
train_ref,2016-06-08,Sangrur,,,,0,0,0,,,,,,
train_ref,2016-06-08,Sunam,,,,0,0,0,,,,,,
train_ref,2016-06-15,Dhuri,,,,0,0,0,,,,,,
train_ref,2016-06-15,Lehra,,,,0,0,0,,,,,,
train_ref,2016-06-15,Malerkotla,,,,0,0,0,,,,,,
train_ref,2016-06-15,Moonak,,,,0,0,0,,,,,,
train_ref,2016-06-15,Sangrur,,,,0,0,0,,,,,,
train_ref,2016-06-15,Sunam,,,,0,0,0,,,,,,
train_ref,2016-06-22,Dhuri,,,,0,0,0,,,,,,
train_ref,2016-06-22,Lehra,,,,0,0,0,,,,,,
train_ref,2016-06-22,Malerkotla,,,,1,1,0,,,,,,
train_ref,2016-06-22,Moonak,,,,0,0,0,,,,,,
train_ref,2016-06-22,Sangrur,,,,0,0,0,,,,,,
train_ref,2016-06-22,Sunam,,,,0,0,0,,,,,,
train_ref,2016-06-29,Dhuri,,,,1,1,0,,,,,,
train_ref,2016-06-29,Lehra,,,,1,1,1,,,,,,
train_ref,2016-06-29,Malerkotla,,,,1,1,0,,,,,,
train_ref,2016-06-29,Moonak,,,,1,1,1,,,,,,
train_ref,2016-06-29,Sangrur,,,,1,1,1,,,,,,
train_ref,2016-06-29,Sunam,,,,1,1,1,,,,,,
train_ref,2016-07-06,Dhuri,,,,0,0,0,,,,,,
train_ref,2016-07-06,Lehra,,,,0,0,0,,,,,,
train_ref,2016-07-06,Malerkotla,,,,0,0,0,,,,,,
train_ref,2016-07-06,Moonak,,,,0,0,0,,,,,,
train_ref,2016-07-06,Sangrur,,,,0,0,0,,,,,,
train_ref,2016-07-06,Sunam,,,,0,0,0,,,,,,
train_ref,2016-07-13,Dhuri,,,,1,1,1,,,,,,
train_ref,2016-07-13,Lehra,,,,1,1,1,,,,,,
train_ref,2016-07-13,Malerkotla,,,,1,1,1,,,,,,
train_ref,2016-07-13,Moonak,,,,1,1,1,,,,,,
train_ref,2016-07-13,Sangrur,,,,1,1,1,,,,,,
train_ref,2016-07-13,Sunam,,,,1,1,1,,,,,,
train_ref,2016-07-20,Dhuri,,,,0,0,0,,,,,,
train_ref,2016-07-20,Lehra,,,,0,0,0,,,,,,
train_ref,2016-07-20,Malerkotla,,,,0,0,0,,,,,,
train_ref,2016-07-20,Moonak,,,,0,0,0,,,,,,
train_ref,2016-07-20,Sangrur,,,,0,0,0,,,,,,
train_ref,2016-07-20,Sunam,,,,0,0,0,,,,,,
train_ref,2016-07-27,Dhuri,,,,0,0,0,,,,,,
train_ref,2016-07-27,Lehra,,,,0,0,0,,,,,,
train_ref,2016-07-27,Malerkotla,,,,0,0,0,,,,,,
train_ref,2016-07-27,Moonak,,,,0,0,0,,,,,,
train_ref,2016-07-27,Sangrur,,,,0,0,0,,,,,,
train_ref,2016-07-27,Sunam,,,,0,0,0,,,,,,
train_ref,2016-08-03,Dhuri,,,,0,0,0,,,,,,
train_ref,2016-08-03,Lehra,,,,0,0,0,,,,,,
train_ref,2016-08-03,Malerkotla,,,,0,0,0,,,,,,
train_ref,2016-08-03,Moonak,,,,0,0,0,,,,,,
train_ref,2016-08-03,Sangrur,,,,0,0,0,,,,,,
train_ref,2016-08-03,Sunam,,,,0,0,0,,,,,,
train_ref,2016-08-10,Dhuri,,,,0,0,0,,,,,,
train_ref,2016-08-10,Lehra,,,,0,0,0,,,,,,
train_ref,2016-08-10,Malerkotla,,,,0,0,0,,,,,,
train_ref,2016-08-10,Moonak,,,,0,0,0,,,,,,
train_ref,2016-08-10,Sangrur,,,,0,0,0,,,,,,
train_ref,2016-08-10,Sunam,,,,0,0,0,,,,,,
train_ref,2016-08-17,Dhuri,,,,1,0,0,,,,,,
train_ref,2016-08-17,Lehra,,,,0,0,0,,,,,,
train_ref,2016-08-17,Malerkotla,,,,1,0,0,,,,,,
train_ref,2016-08-17,Moonak,,,,0,0,0,,,,,,
train_ref,2016-08-17,Sangrur,,,,1,0,0,,,,,,
train_ref,2016-08-17,Sunam,,,,1,1,0,,,,,,
train_ref,2016-08-24,Dhuri,,,,0,0,0,,,,,,
train_ref,2016-08-24,Lehra,,,,1,1,0,,,,,,
train_ref,2016-08-24,Malerkotla,,,,0,0,0,,,,,,
train_ref,2016-08-24,Moonak,,,,0,0,0,,,,,,
train_ref,2016-08-24,Sangrur,,,,0,0,0,,,,,,
train_ref,2016-08-24,Sunam,,,,0,1,0,,,,,,
train_ref,2016-08-31,Dhuri,,,,0,0,0,,,,,,
train_ref,2016-08-31,Lehra,,,,0,0,0,,,,,,
train_ref,2016-08-31,Malerkotla,,,,0,0,0,,,,,,
train_ref,2016-08-31,Moonak,,,,0,0,0,,,,,,
train_ref,2016-08-31,Sangrur,,,,0,0,0,,,,,,
train_ref,2016-08-31,Sunam,,,,0,0,0,,,,,,
train_ref,2016-09-07,Dhuri,,,,0,0,0,,,,,,
train_ref,2016-09-07,Lehra,,,,0,0,0,,,,,,
train_ref,2016-09-07,Malerkotla,,,,0,0,0,,,,,,
train_ref,2016-09-07,Moonak,,,,0,0,0,,,,,,
train_ref,2016-09-07,Sangrur,,,,0,0,0,,,,,,
train_ref,2016-09-07,Sunam,,,,0,0,0,,,,,,
train_ref,2016-09-14,Dhuri,,,,0,0,0,,,,,,
train_ref,2016-09-14,Lehra,,,,0,0,0,,,,,,
train_ref,2016-09-14,Malerkotla,,,,0,0,0,,,,,,
train_ref,2016-09-14,Moonak,,,,0,0,0,,,,,,
train_ref,2016-09-14,Sangrur,,,,0,0,0,,,,,,
train_ref,2016-09-14,Sunam,,,,0,0,0,,,,,,
train_ref,2016-09-21,Dhuri,,,,0,0,0,,,,,,
train_ref,2016-09-21,Lehra,,,,0,0,0,,,,,,
train_ref,2016-09-21,Malerkotla,,,,0,0,0,,,,,,
train_ref,2016-09-21,Moonak,,,,0,0,0,,,,,,
train_ref,2016-09-21,Sangrur,,,,0,0,0,,,,,,
train_ref,2016-09-21,Sunam,,,,0,0,0,,,,,,
train_ref,2016-09-28,Dhuri,,,,0,0,0,,,,,,
train_ref,2016-09-28,Lehra,,,,0,0,0,,,,,,
train_ref,2016-09-28,Malerkotla,,,,0,0,0,,,,,,
train_ref,2016-09-28,Moonak,,,,0,0,0,,,,,,
train_ref,2016-09-28,Sangrur,,,,0,0,0,,,,,,
train_ref,2016-09-28,Sunam,,,,0,0,0,,,,,,
train_ref,2017-06-07,Dhuri,,,,0,0,0,,,,,,
train_ref,2017-06-07,Lehra,,,,0,0,0,,,,,,
train_ref,2017-06-07,Malerkotla,,,,0,0,0,,,,,,
train_ref,2017-06-07,Moonak,,,,0,0,0,,,,,,
train_ref,2017-06-07,Sangrur,,,,0,0,0,,,,,,
train_ref,2017-06-07,Sunam,,,,0,0,0,,,,,,
train_ref,2017-06-14,Dhuri,,,,1,1,0,,,,,,
train_ref,2017-06-14,Lehra,,,,1,0,0,,,,,,
train_ref,2017-06-14,Malerkotla,,,,1,1,0,,,,,,
train_ref,2017-06-14,Moonak,,,,1,0,0,,,,,,
train_ref,2017-06-14,Sangrur,,,,1,0,0,,,,,,
train_ref,2017-06-14,Sunam,,,,1,1,0,,,,,,
train_ref,2017-06-21,Dhuri,,,,1,1,0,,,,,,
train_ref,2017-06-21,Lehra,,,,1,1,0,,,,,,
train_ref,2017-06-21,Malerkotla,,,,1,1,0,,,,,,
train_ref,2017-06-21,Moonak,,,,1,1,0,,,,,,
train_ref,2017-06-21,Sangrur,,,,1,1,0,,,,,,
train_ref,2017-06-21,Sunam,,,,1,1,0,,,,,,
train_ref,2017-06-28,Dhuri,,,,1,0,0,,,,,,
train_ref,2017-06-28,Lehra,,,,1,1,0,,,,,,
train_ref,2017-06-28,Malerkotla,,,,0,0,0,,,,,,
train_ref,2017-06-28,Moonak,,,,1,1,0,,,,,,
train_ref,2017-06-28,Sangrur,,,,1,1,0,,,,,,
train_ref,2017-06-28,Sunam,,,,1,1,0,,,,,,
train_ref,2017-07-05,Dhuri,,,,0,0,0,,,,,,
train_ref,2017-07-05,Lehra,,,,0,0,0,,,,,,
train_ref,2017-07-05,Malerkotla,,,,0,0,0,,,,,,
train_ref,2017-07-05,Moonak,,,,0,0,0,,,,,,
train_ref,2017-07-05,Sangrur,,,,0,0,0,,,,,,
train_ref,2017-07-05,Sunam,,,,0,0,0,,,,,,
train_ref,2017-07-12,Dhuri,,,,0,0,0,,,,,,
train_ref,2017-07-12,Lehra,,,,0,0,0,,,,,,
train_ref,2017-07-12,Malerkotla,,,,0,0,0,,,,,,
train_ref,2017-07-12,Moonak,,,,0,0,0,,,,,,
train_ref,2017-07-12,Sangrur,,,,0,0,0,,,,,,
train_ref,2017-07-12,Sunam,,,,0,0,0,,,,,,
train_ref,2017-07-19,Dhuri,,,,0,0,0,,,,,,
train_ref,2017-07-19,Lehra,,,,0,0,0,,,,,,
train_ref,2017-07-19,Malerkotla,,,,0,0,0,,,,,,
train_ref,2017-07-19,Moonak,,,,0,0,0,,,,,,
train_ref,2017-07-19,Sangrur,,,,0,0,0,,,,,,
train_ref,2017-07-19,Sunam,,,,0,0,0,,,,,,
train_ref,2017-07-26,Dhuri,,,,1,1,0,,,,,,
train_ref,2017-07-26,Lehra,,,,1,1,0,,,,,,
train_ref,2017-07-26,Malerkotla,,,,1,1,0,,,,,,
train_ref,2017-07-26,Moonak,,,,1,1,0,,,,,,
train_ref,2017-07-26,Sangrur,,,,1,1,0,,,,,,
train_ref,2017-07-26,Sunam,,,,1,1,0,,,,,,
train_ref,2017-08-02,Dhuri,,,,0,0,0,,,,,,
train_ref,2017-08-02,Lehra,,,,0,0,0,,,,,,
train_ref,2017-08-02,Malerkotla,,,,0,0,0,,,,,,
train_ref,2017-08-02,Moonak,,,,1,1,0,,,,,,
train_ref,2017-08-02,Sangrur,,,,1,1,0,,,,,,
train_ref,2017-08-02,Sunam,,,,1,1,0,,,,,,
train_ref,2017-08-09,Dhuri,,,,0,0,0,,,,,,
train_ref,2017-08-09,Lehra,,,,0,0,0,,,,,,
train_ref,2017-08-09,Malerkotla,,,,0,0,0,,,,,,
train_ref,2017-08-09,Moonak,,,,0,0,0,,,,,,
train_ref,2017-08-09,Sangrur,,,,0,0,0,,,,,,
train_ref,2017-08-09,Sunam,,,,0,0,0,,,,,,
train_ref,2017-08-16,Dhuri,,,,0,0,0,,,,,,
train_ref,2017-08-16,Lehra,,,,0,0,0,,,,,,
train_ref,2017-08-16,Malerkotla,,,,0,0,0,,,,,,
train_ref,2017-08-16,Moonak,,,,1,1,0,,,,,,
train_ref,2017-08-16,Sangrur,,,,0,0,0,,,,,,
train_ref,2017-08-16,Sunam,,,,0,0,0,,,,,,
train_ref,2017-08-23,Dhuri,,,,0,0,0,,,,,,
train_ref,2017-08-23,Lehra,,,,1,0,0,,,,,,
train_ref,2017-08-23,Malerkotla,,,,0,0,0,,,,,,
train_ref,2017-08-23,Moonak,,,,1,0,0,,,,,,
train_ref,2017-08-23,Sangrur,,,,0,0,0,,,,,,
train_ref,2017-08-23,Sunam,,,,0,0,0,,,,,,
train_ref,2017-08-30,Dhuri,,,,1,1,1,,,,,,
train_ref,2017-08-30,Lehra,,,,1,1,1,,,,,,
train_ref,2017-08-30,Malerkotla,,,,1,1,0,,,,,,
train_ref,2017-08-30,Moonak,,,,1,1,1,,,,,,
train_ref,2017-08-30,Sangrur,,,,1,1,1,,,,,,
train_ref,2017-08-30,Sunam,,,,1,1,1,,,,,,
train_ref,2017-09-06,Dhuri,,,,0,0,0,,,,,,
train_ref,2017-09-06,Lehra,,,,0,0,0,,,,,,
train_ref,2017-09-06,Malerkotla,,,,0,0,0,,,,,,
train_ref,2017-09-06,Moonak,,,,0,0,0,,,,,,
train_ref,2017-09-06,Sangrur,,,,0,0,0,,,,,,
train_ref,2017-09-06,Sunam,,,,0,0,0,,,,,,
train_ref,2017-09-13,Dhuri,,,,0,0,0,,,,,,
train_ref,2017-09-13,Lehra,,,,0,0,0,,,,,,
train_ref,2017-09-13,Malerkotla,,,,0,0,0,,,,,,
train_ref,2017-09-13,Moonak,,,,0,0,0,,,,,,
train_ref,2017-09-13,Sangrur,,,,0,0,0,,,,,,
train_ref,2017-09-13,Sunam,,,,0,0,0,,,,,,
train_ref,2017-09-20,Dhuri,,,,0,0,0,,,,,,
train_ref,2017-09-20,Lehra,,,,0,0,0,,,,,,
train_ref,2017-09-20,Malerkotla,,,,0,0,0,,,,,,
train_ref,2017-09-20,Moonak,,,,0,0,0,,,,,,
train_ref,2017-09-20,Sangrur,,,,0,0,0,,,,,,
train_ref,2017-09-20,Sunam,,,,0,0,0,,,,,,
train_ref,2017-09-27,Dhuri,,,,0,0,0,,,,,,
train_ref,2017-09-27,Lehra,,,,0,0,0,,,,,,
train_ref,2017-09-27,Malerkotla,,,,0,0,0,,,,,,
train_ref,2017-09-27,Moonak,,,,0,0,0,,,,,,
train_ref,2017-09-27,Sangrur,,,,0,0,0,,,,,,
train_ref,2017-09-27,Sunam,,,,0,0,0,,,,,,
train_ref,2018-06-06,Dhuri,,,,0,0,0,,,,,,
train_ref,2018-06-06,Lehra,,,,0,0,0,,,,,,
train_ref,2018-06-06,Malerkotla,,,,0,0,0,,,,,,
train_ref,2018-06-06,Moonak,,,,0,0,0,,,,,,
train_ref,2018-06-06,Sangrur,,,,0,0,0,,,,,,
train_ref,2018-06-06,Sunam,,,,0,0,0,,,,,,
train_ref,2018-06-13,Dhuri,,,,0,0,0,,,,,,
train_ref,2018-06-13,Lehra,,,,0,0,0,,,,,,
train_ref,2018-06-13,Malerkotla,,,,0,0,0,,,,,,
train_ref,2018-06-13,Moonak,,,,0,0,0,,,,,,
train_ref,2018-06-13,Sangrur,,,,0,0,0,,,,,,
train_ref,2018-06-13,Sunam,,,,0,0,0,,,,,,
train_ref,2018-06-20,Dhuri,,,,0,0,0,,,,,,
train_ref,2018-06-20,Lehra,,,,1,0,0,,,,,,
train_ref,2018-06-20,Malerkotla,,,,0,0,0,,,,,,
train_ref,2018-06-20,Moonak,,,,1,1,0,,,,,,
train_ref,2018-06-20,Sangrur,,,,1,0,0,,,,,,
train_ref,2018-06-20,Sunam,,,,1,0,0,,,,,,
train_ref,2018-06-27,Dhuri,,,,1,1,1,,,,,,
train_ref,2018-06-27,Lehra,,,,1,1,1,,,,,,
train_ref,2018-06-27,Malerkotla,,,,1,1,1,,,,,,
train_ref,2018-06-27,Moonak,,,,1,1,0,,,,,,
train_ref,2018-06-27,Sangrur,,,,1,1,1,,,,,,
train_ref,2018-06-27,Sunam,,,,1,1,1,,,,,,
train_ref,2018-07-04,Dhuri,,,,0,0,0,,,,,,
train_ref,2018-07-04,Lehra,,,,0,0,0,,,,,,
train_ref,2018-07-04,Malerkotla,,,,0,0,0,,,,,,
train_ref,2018-07-04,Moonak,,,,0,0,0,,,,,,
train_ref,2018-07-04,Sangrur,,,,0,0,0,,,,,,
train_ref,2018-07-04,Sunam,,,,0,0,0,,,,,,
train_ref,2018-07-11,Dhuri,,,,1,1,0,,,,,,
train_ref,2018-07-11,Lehra,,,,0,1,0,,,,,,
train_ref,2018-07-11,Malerkotla,,,,1,1,0,,,,,,
train_ref,2018-07-11,Moonak,,,,0,0,0,,,,,,
train_ref,2018-07-11,Sangrur,,,,1,1,0,,,,,,
train_ref,2018-07-11,Sunam,,,,1,1,0,,,,,,
train_ref,2018-07-18,Dhuri,,,,0,1,0,,,,,,
train_ref,2018-07-18,Lehra,,,,1,1,0,,,,,,
train_ref,2018-07-18,Malerkotla,,,,0,1,0,,,,,,
train_ref,2018-07-18,Moonak,,,,1,1,1,,,,,,
train_ref,2018-07-18,Sangrur,,,,0,1,0,,,,,,
train_ref,2018-07-18,Sunam,,,,0,1,0,,,,,,
train_ref,2018-07-25,Dhuri,,,,1,1,0,,,,,,
train_ref,2018-07-25,Lehra,,,,1,1,0,,,,,,
train_ref,2018-07-25,Malerkotla,,,,0,1,0,,,,,,
train_ref,2018-07-25,Moonak,,,,1,1,0,,,,,,
train_ref,2018-07-25,Sangrur,,,,1,1,1,,,,,,
train_ref,2018-07-25,Sunam,,,,1,1,0,,,,,,
train_ref,2018-08-01,Dhuri,,,,0,0,0,,,,,,
train_ref,2018-08-01,Lehra,,,,0,0,0,,,,,,
train_ref,2018-08-01,Malerkotla,,,,0,0,0,,,,,,
train_ref,2018-08-01,Moonak,,,,0,0,0,,,,,,
train_ref,2018-08-01,Sangrur,,,,0,0,0,,,,,,
train_ref,2018-08-01,Sunam,,,,0,0,0,,,,,,
train_ref,2018-08-08,Dhuri,,,,0,0,0,,,,,,
train_ref,2018-08-08,Lehra,,,,0,0,0,,,,,,
train_ref,2018-08-08,Malerkotla,,,,0,0,0,,,,,,
train_ref,2018-08-08,Moonak,,,,0,0,0,,,,,,
train_ref,2018-08-08,Sangrur,,,,0,0,0,,,,,,
train_ref,2018-08-08,Sunam,,,,0,0,0,,,,,,
train_ref,2018-08-15,Dhuri,,,,1,0,0,,,,,,
train_ref,2018-08-15,Lehra,,,,0,0,0,,,,,,
train_ref,2018-08-15,Malerkotla,,,,1,0,0,,,,,,
train_ref,2018-08-15,Moonak,,,,0,0,0,,,,,,
train_ref,2018-08-15,Sangrur,,,,1,0,0,,,,,,
train_ref,2018-08-15,Sunam,,,,1,0,0,,,,,,
train_ref,2018-08-22,Dhuri,,,,1,0,0,,,,,,
train_ref,2018-08-22,Lehra,,,,1,1,0,,,,,,
train_ref,2018-08-22,Malerkotla,,,,1,0,0,,,,,,
train_ref,2018-08-22,Moonak,,,,1,1,0,,,,,,
train_ref,2018-08-22,Sangrur,,,,1,1,0,,,,,,
train_ref,2018-08-22,Sunam,,,,1,1,0,,,,,,
train_ref,2018-08-29,Dhuri,,,,0,0,0,,,,,,
train_ref,2018-08-29,Lehra,,,,0,0,0,,,,,,
train_ref,2018-08-29,Malerkotla,,,,1,1,0,,,,,,
train_ref,2018-08-29,Moonak,,,,0,0,0,,,,,,
train_ref,2018-08-29,Sangrur,,,,1,0,0,,,,,,
train_ref,2018-08-29,Sunam,,,,0,0,0,,,,,,
train_ref,2018-09-05,Dhuri,,,,1,1,1,,,,,,
train_ref,2018-09-05,Lehra,,,,1,1,0,,,,,,
train_ref,2018-09-05,Malerkotla,,,,1,1,1,,,,,,
train_ref,2018-09-05,Moonak,,,,1,1,0,,,,,,
train_ref,2018-09-05,Sangrur,,,,1,1,1,,,,,,
train_ref,2018-09-05,Sunam,,,,1,1,0,,,,,,
train_ref,2018-09-12,Dhuri,,,,0,0,0,,,,,,
train_ref,2018-09-12,Lehra,,,,0,0,0,,,,,,
train_ref,2018-09-12,Malerkotla,,,,0,0,0,,,,,,
train_ref,2018-09-12,Moonak,,,,0,0,0,,,,,,
train_ref,2018-09-12,Sangrur,,,,0,0,0,,,,,,
train_ref,2018-09-12,Sunam,,,,0,0,0,,,,,,
train_ref,2018-09-19,Dhuri,,,,1,1,1,,,,,,
train_ref,2018-09-19,Lehra,,,,1,1,1,,,,,,
train_ref,2018-09-19,Malerkotla,,,,1,1,1,,,,,,
train_ref,2018-09-19,Moonak,,,,1,1,1,,,,,,
train_ref,2018-09-19,Sangrur,,,,1,1,1,,,,,,
train_ref,2018-09-19,Sunam,,,,1,1,1,,,,,,
train_ref,2018-09-26,Dhuri,,,,0,0,0,,,,,,
train_ref,2018-09-26,Lehra,,,,0,0,0,,,,,,
train_ref,2018-09-26,Malerkotla,,,,0,0,0,,,,,,
train_ref,2018-09-26,Moonak,,,,0,0,0,,,,,,
train_ref,2018-09-26,Sangrur,,,,0,0,0,,,,,,
train_ref,2018-09-26,Sunam,,,,0,0,0,,,,,,
train_ref,2019-06-05,Dhuri,,,,0,0,0,,,,,,
train_ref,2019-06-05,Lehra,,,,0,0,0,,,,,,
train_ref,2019-06-05,Malerkotla,,,,0,0,0,,,,,,
train_ref,2019-06-05,Moonak,,,,0,0,0,,,,,,
train_ref,2019-06-05,Sangrur,,,,0,0,0,,,,,,
train_ref,2019-06-05,Sunam,,,,0,0,0,,,,,,
train_ref,2019-06-12,Dhuri,,,,0,0,0,,,,,,
train_ref,2019-06-12,Lehra,,,,0,0,0,,,,,,
train_ref,2019-06-12,Malerkotla,,,,0,0,0,,,,,,
train_ref,2019-06-12,Moonak,,,,0,0,0,,,,,,
train_ref,2019-06-12,Sangrur,,,,0,0,0,,,,,,
train_ref,2019-06-12,Sunam,,,,0,0,0,,,,,,
train_ref,2019-06-19,Dhuri,,,,0,0,0,,,,,,
train_ref,2019-06-19,Lehra,,,,0,0,0,,,,,,
train_ref,2019-06-19,Malerkotla,,,,0,0,0,,,,,,
train_ref,2019-06-19,Moonak,,,,0,0,0,,,,,,
train_ref,2019-06-19,Sangrur,,,,0,0,0,,,,,,
train_ref,2019-06-19,Sunam,,,,0,0,0,,,,,,
train_ref,2019-06-26,Dhuri,,,,0,0,0,,,,,,
train_ref,2019-06-26,Lehra,,,,0,0,0,,,,,,
train_ref,2019-06-26,Malerkotla,,,,0,0,0,,,,,,
train_ref,2019-06-26,Moonak,,,,0,0,0,,,,,,
train_ref,2019-06-26,Sangrur,,,,0,0,0,,,,,,
train_ref,2019-06-26,Sunam,,,,0,0,0,,,,,,
train_ref,2019-07-03,Dhuri,,,,0,0,0,,,,,,
train_ref,2019-07-03,Lehra,,,,0,0,0,,,,,,
train_ref,2019-07-03,Malerkotla,,,,0,0,0,,,,,,
train_ref,2019-07-03,Moonak,,,,0,0,0,,,,,,
train_ref,2019-07-03,Sangrur,,,,0,0,0,,,,,,
train_ref,2019-07-03,Sunam,,,,0,0,0,,,,,,
train_ref,2019-07-10,Dhuri,,,,1,0,0,,,,,,
train_ref,2019-07-10,Lehra,,,,0,0,0,,,,,,
train_ref,2019-07-10,Malerkotla,,,,1,1,0,,,,,,
train_ref,2019-07-10,Moonak,,,,0,0,0,,,,,,
train_ref,2019-07-10,Sangrur,,,,0,0,0,,,,,,
train_ref,2019-07-10,Sunam,,,,0,0,0,,,,,,
train_ref,2019-07-17,Dhuri,,,,0,0,0,,,,,,
train_ref,2019-07-17,Lehra,,,,0,0,0,,,,,,
train_ref,2019-07-17,Malerkotla,,,,0,0,0,,,,,,
train_ref,2019-07-17,Moonak,,,,0,0,0,,,,,,
train_ref,2019-07-17,Sangrur,,,,0,0,0,,,,,,
train_ref,2019-07-17,Sunam,,,,0,0,0,,,,,,
train_ref,2019-07-24,Dhuri,,,,0,1,0,,,,,,
train_ref,2019-07-24,Lehra,,,,0,0,0,,,,,,
train_ref,2019-07-24,Malerkotla,,,,0,1,0,,,,,,
train_ref,2019-07-24,Moonak,,,,1,1,0,,,,,,
train_ref,2019-07-24,Sangrur,,,,0,0,0,,,,,,
train_ref,2019-07-24,Sunam,,,,0,0,0,,,,,,
train_ref,2019-07-31,Dhuri,,,,0,0,0,,,,,,
train_ref,2019-07-31,Lehra,,,,0,0,0,,,,,,
train_ref,2019-07-31,Malerkotla,,,,0,0,0,,,,,,
train_ref,2019-07-31,Moonak,,,,0,0,0,,,,,,
train_ref,2019-07-31,Sangrur,,,,0,0,0,,,,,,
train_ref,2019-07-31,Sunam,,,,0,0,0,,,,,,
train_ref,2019-08-07,Dhuri,,,,1,1,0,,,,,,
train_ref,2019-08-07,Lehra,,,,0,0,0,,,,,,
train_ref,2019-08-07,Malerkotla,,,,1,1,0,,,,,,
train_ref,2019-08-07,Moonak,,,,0,0,0,,,,,,
train_ref,2019-08-07,Sangrur,,,,1,1,0,,,,,,
train_ref,2019-08-07,Sunam,,,,1,0,0,,,,,,
train_ref,2019-08-14,Dhuri,,,,1,1,1,,,,,,
train_ref,2019-08-14,Lehra,,,,1,1,1,,,,,,
train_ref,2019-08-14,Malerkotla,,,,1,1,1,,,,,,
train_ref,2019-08-14,Moonak,,,,1,1,1,,,,,,
train_ref,2019-08-14,Sangrur,,,,1,1,1,,,,,,
train_ref,2019-08-14,Sunam,,,,1,1,1,,,,,,
train_ref,2019-08-21,Dhuri,,,,0,0,0,,,,,,
train_ref,2019-08-21,Lehra,,,,0,0,0,,,,,,
train_ref,2019-08-21,Malerkotla,,,,0,0,0,,,,,,
train_ref,2019-08-21,Moonak,,,,0,0,0,,,,,,
train_ref,2019-08-21,Sangrur,,,,0,0,0,,,,,,
train_ref,2019-08-21,Sunam,,,,0,0,0,,,,,,
train_ref,2019-08-28,Dhuri,,,,0,0,0,,,,,,
train_ref,2019-08-28,Lehra,,,,0,0,0,,,,,,
train_ref,2019-08-28,Malerkotla,,,,1,0,0,,,,,,
train_ref,2019-08-28,Moonak,,,,0,0,0,,,,,,
train_ref,2019-08-28,Sangrur,,,,0,0,0,,,,,,
train_ref,2019-08-28,Sunam,,,,0,0,0,,,,,,
train_ref,2019-09-04,Dhuri,,,,0,0,0,,,,,,
train_ref,2019-09-04,Lehra,,,,0,0,0,,,,,,
train_ref,2019-09-04,Malerkotla,,,,0,0,0,,,,,,
train_ref,2019-09-04,Moonak,,,,0,0,0,,,,,,
train_ref,2019-09-04,Sangrur,,,,0,0,0,,,,,,
train_ref,2019-09-04,Sunam,,,,0,0,0,,,,,,
train_ref,2019-09-11,Dhuri,,,,0,0,0,,,,,,
train_ref,2019-09-11,Lehra,,,,0,0,0,,,,,,
train_ref,2019-09-11,Malerkotla,,,,0,0,0,,,,,,
train_ref,2019-09-11,Moonak,,,,0,0,0,,,,,,
train_ref,2019-09-11,Sangrur,,,,0,0,0,,,,,,
train_ref,2019-09-11,Sunam,,,,0,0,0,,,,,,
train_ref,2019-09-18,Dhuri,,,,0,0,0,,,,,,
train_ref,2019-09-18,Lehra,,,,0,0,0,,,,,,
train_ref,2019-09-18,Malerkotla,,,,0,0,0,,,,,,
train_ref,2019-09-18,Moonak,,,,0,0,0,,,,,,
train_ref,2019-09-18,Sangrur,,,,0,0,0,,,,,,
train_ref,2019-09-18,Sunam,,,,0,0,0,,,,,,
train_ref,2019-09-25,Dhuri,,,,0,0,0,,,,,,
train_ref,2019-09-25,Lehra,,,,0,0,0,,,,,,
train_ref,2019-09-25,Malerkotla,,,,0,0,0,,,,,,
train_ref,2019-09-25,Moonak,,,,0,0,0,,,,,,
train_ref,2019-09-25,Sangrur,,,,0,0,0,,,,,,
train_ref,2019-09-25,Sunam,,,,0,0,0,,,,,,
